SK_ID_CURR,TARGET,CODE_GENDER,FLAG_OWN_CAR,FLAG_OWN_REALTY,CNT_CHILDREN,AMT_INCOME_TOTAL,AMT_CREDIT,AMT_ANNUITY,REGION_POPULATION_RELATIVE,DAYS_BIRTH,DAYS_EMPLOYED,DAYS_REGISTRATION,DAYS_ID_PUBLISH,FLAG_MOBIL,FLAG_EMP_PHONE,FLAG_WORK_PHONE,FLAG_CONT_MOBILE,FLAG_PHONE,FLAG_EMAIL,CNT_FAM_MEMBERS,REGION_RATING_CLIENT,HOUR_APPR_PROCESS_START,REG_REGION_NOT_LIVE_REGION,REG_REGION_NOT_WORK_REGION,LIVE_REGION_NOT_WORK_REGION,REG_CITY_NOT_LIVE_CITY,REG_CITY_NOT_WORK_CITY,LIVE_CITY_NOT_WORK_CITY,EXT_SOURCE_2,EXT_SOURCE_3,OBS_30_CNT_SOCIAL_CIRCLE,DEF_30_CNT_SOCIAL_CIRCLE,DEF_60_CNT_SOCIAL_CIRCLE,DAYS_LAST_PHONE_CHANGE,FLAG_DOCUMENT_2,FLAG_DOCUMENT_3,FLAG_DOCUMENT_4,FLAG_DOCUMENT_5,FLAG_DOCUMENT_6,FLAG_DOCUMENT_7,FLAG_DOCUMENT_8,FLAG_DOCUMENT_9,FLAG_DOCUMENT_10,FLAG_DOCUMENT_11,FLAG_DOCUMENT_12,FLAG_DOCUMENT_13,FLAG_DOCUMENT_14,FLAG_DOCUMENT_15,FLAG_DOCUMENT_16,FLAG_DOCUMENT_17,FLAG_DOCUMENT_18,FLAG_DOCUMENT_19,FLAG_DOCUMENT_20,FLAG_DOCUMENT_21,AMT_REQ_CREDIT_BUREAU_HOUR,AMT_REQ_CREDIT_BUREAU_DAY,AMT_REQ_CREDIT_BUREAU_WEEK,AMT_REQ_CREDIT_BUREAU_MON,AMT_REQ_CREDIT_BUREAU_QRT,AMT_REQ_CREDIT_BUREAU_YEAR,NAME_CONTRACT_TYPE_Cashloans,NAME_CONTRACT_TYPE_Revolvingloans,NAME_TYPE_SUITE_Children,NAME_TYPE_SUITE_Family,NAME_TYPE_SUITE_Groupofpeople,NAME_TYPE_SUITE_Other_A,NAME_TYPE_SUITE_Other_B,NAME_TYPE_SUITE_Spousepartner,NAME_TYPE_SUITE_Unaccompanied,NAME_INCOME_TYPE_Businessman,NAME_INCOME_TYPE_Commercialassociate,NAME_INCOME_TYPE_Pensioner,NAME_INCOME_TYPE_Stateservant,NAME_INCOME_TYPE_Student,NAME_INCOME_TYPE_Unemployed,NAME_INCOME_TYPE_Working,NAME_EDUCATION_TYPE_Academicdegree,NAME_EDUCATION_TYPE_Highereducation,NAME_EDUCATION_TYPE_Incompletehigher,NAME_EDUCATION_TYPE_Lowersecondary,NAME_EDUCATION_TYPE_Secondarysecondaryspecial,NAME_FAMILY_STATUS_Civilmarriage,NAME_FAMILY_STATUS_Married,NAME_FAMILY_STATUS_Separated,NAME_FAMILY_STATUS_Singlenotmarried,NAME_FAMILY_STATUS_Widow,NAME_HOUSING_TYPE_Coopapartment,NAME_HOUSING_TYPE_Houseapartment,NAME_HOUSING_TYPE_Municipalapartment,NAME_HOUSING_TYPE_Officeapartment,NAME_HOUSING_TYPE_Rentedapartment,NAME_HOUSING_TYPE_Withparents,WEEKDAY_APPR_PROCESS_START_FRIDAY,WEEKDAY_APPR_PROCESS_START_MONDAY,WEEKDAY_APPR_PROCESS_START_SATURDAY,WEEKDAY_APPR_PROCESS_START_SUNDAY,WEEKDAY_APPR_PROCESS_START_THURSDAY,WEEKDAY_APPR_PROCESS_START_TUESDAY,WEEKDAY_APPR_PROCESS_START_WEDNESDAY,ORGANIZATION_TYPE_Advertising,ORGANIZATION_TYPE_Agriculture,ORGANIZATION_TYPE_Bank,ORGANIZATION_TYPE_BusinessEntityType1,ORGANIZATION_TYPE_BusinessEntityType2,ORGANIZATION_TYPE_BusinessEntityType3,ORGANIZATION_TYPE_Cleaning,ORGANIZATION_TYPE_Construction,ORGANIZATION_TYPE_Culture,ORGANIZATION_TYPE_Electricity,ORGANIZATION_TYPE_Emergency,ORGANIZATION_TYPE_Government,ORGANIZATION_TYPE_Hotel,ORGANIZATION_TYPE_Housing,ORGANIZATION_TYPE_Industrytype1,ORGANIZATION_TYPE_Industrytype10,ORGANIZATION_TYPE_Industrytype11,ORGANIZATION_TYPE_Industrytype12,ORGANIZATION_TYPE_Industrytype2,ORGANIZATION_TYPE_Industrytype3,ORGANIZATION_TYPE_Industrytype4,ORGANIZATION_TYPE_Industrytype5,ORGANIZATION_TYPE_Industrytype6,ORGANIZATION_TYPE_Industrytype7,ORGANIZATION_TYPE_Industrytype8,ORGANIZATION_TYPE_Industrytype9,ORGANIZATION_TYPE_Insurance,ORGANIZATION_TYPE_Kindergarten,ORGANIZATION_TYPE_LegalServices,ORGANIZATION_TYPE_Medicine,ORGANIZATION_TYPE_School,ORGANIZATION_TYPE_Security,ORGANIZATION_TYPE_SecurityMinistries,ORGANIZATION_TYPE_Selfemployed,ORGANIZATION_TYPE_Services,ORGANIZATION_TYPE_Tradetype3,ORGANIZATION_TYPE_Tradetype4,ORGANIZATION_TYPE_Tradetype5,ORGANIZATION_TYPE_Tradetype6,ORGANIZATION_TYPE_Tradetype7,ORGANIZATION_TYPE_Transporttype1,ORGANIZATION_TYPE_Transporttype2,ORGANIZATION_TYPE_Transporttype3,DAYS_EMPLOYED_PERC,INCOME_CREDIT_PERC,INCOME_PER_PERSON,ANNUITY_INCOME_PERC,PAYMENT_RATE,BURO_DAYS_CREDIT_MIN,BURO_DAYS_CREDIT_MAX,BURO_DAYS_CREDIT_MEAN,BURO_DAYS_CREDIT_UPDATE_MEAN,BURO_CREDIT_DAY_OVERDUE_MAX,BURO_CREDIT_DAY_OVERDUE_MEAN,BURO_AMT_CREDIT_SUM_MAX,BURO_AMT_CREDIT_SUM_MEAN,BURO_AMT_CREDIT_SUM_SUM,BURO_AMT_CREDIT_SUM_DEBT_SUM,BURO_AMT_CREDIT_SUM_OVERDUE_MEAN,BURO_AMT_CREDIT_SUM_LIMIT_SUM,BURO_CNT_CREDIT_PROLONG_SUM,BURO_MONTHS_BALANCE_SIZE_SUM,BURO_CREDIT_ACTIVE_Active_MEAN,BURO_CREDIT_ACTIVE_Baddebt_MEAN,BURO_CREDIT_ACTIVE_Closed_MEAN,BURO_CREDIT_ACTIVE_Sold_MEAN,BURO_CREDIT_ACTIVE_nan_MEAN,BURO_CREDIT_CURRENCY_currency1_MEAN,BURO_CREDIT_CURRENCY_currency2_MEAN,BURO_CREDIT_CURRENCY_currency3_MEAN,BURO_CREDIT_CURRENCY_currency4_MEAN,BURO_CREDIT_CURRENCY_nan_MEAN,BURO_CREDIT_TYPE_Anothertypeofloan_MEAN,BURO_CREDIT_TYPE_Carloan_MEAN,BURO_CREDIT_TYPE_Cashloannonearmarked_MEAN,BURO_CREDIT_TYPE_Consumercredit_MEAN,BURO_CREDIT_TYPE_Creditcard_MEAN,BURO_CREDIT_TYPE_Interbankcredit_MEAN,BURO_CREDIT_TYPE_Loanforbusinessdevelopment_MEAN,BURO_CREDIT_TYPE_Loanforpurchaseofsharesmarginlending_MEAN,BURO_CREDIT_TYPE_Loanforthepurchaseofequipment_MEAN,BURO_CREDIT_TYPE_Loanforworkingcapitalreplenishment_MEAN,BURO_CREDIT_TYPE_Microloan_MEAN,BURO_CREDIT_TYPE_Mobileoperatorloan_MEAN,BURO_CREDIT_TYPE_Mortgage_MEAN,PREV_AMT_APPLICATION_MIN,PREV_AMT_APPLICATION_MAX,PREV_AMT_APPLICATION_MEAN,PREV_AMT_CREDIT_MIN,PREV_AMT_CREDIT_MAX,PREV_AMT_CREDIT_MEAN,PREV_HOUR_APPR_PROCESS_START_MIN,PREV_HOUR_APPR_PROCESS_START_MAX,PREV_HOUR_APPR_PROCESS_START_MEAN,PREV_DAYS_DECISION_MIN,PREV_DAYS_DECISION_MAX,PREV_DAYS_DECISION_MEAN,PREV_CNT_PAYMENT_SUM,PREV_NAME_CONTRACT_TYPE_Cashloans_MEAN,PREV_NAME_CONTRACT_TYPE_Consumerloans_MEAN,PREV_NAME_CONTRACT_TYPE_Revolvingloans_MEAN,PREV_WEEKDAY_APPR_PROCESS_START_FRIDAY_MEAN,PREV_WEEKDAY_APPR_PROCESS_START_MONDAY_MEAN,PREV_WEEKDAY_APPR_PROCESS_START_SATURDAY_MEAN,PREV_WEEKDAY_APPR_PROCESS_START_SUNDAY_MEAN,PREV_WEEKDAY_APPR_PROCESS_START_THURSDAY_MEAN,PREV_WEEKDAY_APPR_PROCESS_START_TUESDAY_MEAN,PREV_WEEKDAY_APPR_PROCESS_START_WEDNESDAY_MEAN,PREV_FLAG_LAST_APPL_PER_CONTRACT_N_MEAN,PREV_NAME_CASH_LOAN_PURPOSE_Buyingahome_MEAN,PREV_NAME_CASH_LOAN_PURPOSE_Buyinganewcar_MEAN,PREV_NAME_CASH_LOAN_PURPOSE_Buyingausedcar_MEAN,PREV_NAME_CASH_LOAN_PURPOSE_Carrepairs_MEAN,PREV_NAME_CASH_LOAN_PURPOSE_Education_MEAN,PREV_NAME_CASH_LOAN_PURPOSE_Everydayexpenses_MEAN,PREV_NAME_CASH_LOAN_PURPOSE_Furniture_MEAN,PREV_NAME_CASH_LOAN_PURPOSE_Gasificationwatersupply_MEAN,PREV_NAME_CASH_LOAN_PURPOSE_Hobby_MEAN,PREV_NAME_CASH_LOAN_PURPOSE_Medicine_MEAN,PREV_NAME_CASH_LOAN_PURPOSE_Other_MEAN,PREV_NAME_CASH_LOAN_PURPOSE_Paymentsonotherloans_MEAN,PREV_NAME_CASH_LOAN_PURPOSE_Repairs_MEAN,PREV_NAME_CASH_LOAN_PURPOSE_Urgentneeds_MEAN,PREV_NAME_CASH_LOAN_PURPOSE_XAP_MEAN,PREV_NAME_CASH_LOAN_PURPOSE_XNA_MEAN,PREV_NAME_CONTRACT_STATUS_Approved_MEAN,PREV_NAME_CONTRACT_STATUS_Canceled_MEAN,PREV_NAME_CONTRACT_STATUS_Refused_MEAN,PREV_NAME_PAYMENT_TYPE_Cashthroughthebank_MEAN,PREV_NAME_PAYMENT_TYPE_Cashlessfromtheaccountoftheemployer_MEAN,PREV_NAME_PAYMENT_TYPE_Noncashfromyouraccount_MEAN,PREV_NAME_PAYMENT_TYPE_XNA_MEAN,PREV_NAME_PAYMENT_TYPE_nan_MEAN,PREV_CODE_REJECT_REASON_CLIENT_MEAN,PREV_CODE_REJECT_REASON_HC_MEAN,PREV_CODE_REJECT_REASON_LIMIT_MEAN,PREV_CODE_REJECT_REASON_SCO_MEAN,PREV_CODE_REJECT_REASON_SCOFR_MEAN,PREV_CODE_REJECT_REASON_SYSTEM_MEAN,PREV_CODE_REJECT_REASON_VERIF_MEAN,PREV_CODE_REJECT_REASON_XAP_MEAN,PREV_CODE_REJECT_REASON_XNA_MEAN,PREV_CODE_REJECT_REASON_nan_MEAN,PREV_NAME_TYPE_SUITE_Children_MEAN,PREV_NAME_TYPE_SUITE_Family_MEAN,PREV_NAME_TYPE_SUITE_Groupofpeople_MEAN,PREV_NAME_TYPE_SUITE_Other_A_MEAN,PREV_NAME_TYPE_SUITE_Other_B_MEAN,PREV_NAME_TYPE_SUITE_Spousepartner_MEAN,PREV_NAME_TYPE_SUITE_Unaccompanied_MEAN,PREV_NAME_TYPE_SUITE_nan_MEAN,PREV_NAME_CLIENT_TYPE_New_MEAN,PREV_NAME_CLIENT_TYPE_Refreshed_MEAN,PREV_NAME_CLIENT_TYPE_Repeater_MEAN,PREV_NAME_CLIENT_TYPE_XNA_MEAN,PREV_NAME_CLIENT_TYPE_nan_MEAN,PREV_NAME_GOODS_CATEGORY_AdditionalService_MEAN,PREV_NAME_GOODS_CATEGORY_Animals_MEAN,PREV_NAME_GOODS_CATEGORY_AudioVideo_MEAN,PREV_NAME_GOODS_CATEGORY_AutoAccessories_MEAN,PREV_NAME_GOODS_CATEGORY_ClothingandAccessories_MEAN,PREV_NAME_GOODS_CATEGORY_Computers_MEAN,PREV_NAME_GOODS_CATEGORY_ConstructionMaterials_MEAN,PREV_NAME_GOODS_CATEGORY_ConsumerElectronics_MEAN,PREV_NAME_GOODS_CATEGORY_DirectSales_MEAN,PREV_NAME_GOODS_CATEGORY_Education_MEAN,PREV_NAME_GOODS_CATEGORY_Fitness_MEAN,PREV_NAME_GOODS_CATEGORY_Furniture_MEAN,PREV_NAME_GOODS_CATEGORY_Gardening_MEAN,PREV_NAME_GOODS_CATEGORY_Homewares_MEAN,PREV_NAME_GOODS_CATEGORY_HouseConstruction_MEAN,PREV_NAME_GOODS_CATEGORY_Insurance_MEAN,PREV_NAME_GOODS_CATEGORY_Jewelry_MEAN,PREV_NAME_GOODS_CATEGORY_MedicalSupplies_MEAN,PREV_NAME_GOODS_CATEGORY_Medicine_MEAN,PREV_NAME_GOODS_CATEGORY_Mobile_MEAN,PREV_NAME_GOODS_CATEGORY_OfficeAppliances_MEAN,PREV_NAME_GOODS_CATEGORY_Other_MEAN,PREV_NAME_GOODS_CATEGORY_PhotoCinemaEquipment_MEAN,PREV_NAME_GOODS_CATEGORY_SportandLeisure_MEAN,PREV_NAME_GOODS_CATEGORY_Tourism_MEAN,PREV_NAME_GOODS_CATEGORY_Vehicles_MEAN,PREV_NAME_GOODS_CATEGORY_Weapon_MEAN,PREV_NAME_GOODS_CATEGORY_XNA_MEAN,PREV_NAME_GOODS_CATEGORY_nan_MEAN,PREV_NAME_PORTFOLIO_Cards_MEAN,PREV_NAME_PORTFOLIO_Cars_MEAN,PREV_NAME_PORTFOLIO_Cash_MEAN,PREV_NAME_PORTFOLIO_POS_MEAN,PREV_NAME_PORTFOLIO_XNA_MEAN,PREV_NAME_PORTFOLIO_nan_MEAN,PREV_NAME_PRODUCT_TYPE_XNA_MEAN,PREV_NAME_PRODUCT_TYPE_walkin_MEAN,PREV_NAME_PRODUCT_TYPE_xsell_MEAN,PREV_NAME_PRODUCT_TYPE_nan_MEAN,PREV_CHANNEL_TYPE_APCashloan_MEAN,PREV_CHANNEL_TYPE_Cardealer_MEAN,PREV_CHANNEL_TYPE_Channelofcorporatesales_MEAN,PREV_CHANNEL_TYPE_Contactcenter_MEAN,PREV_CHANNEL_TYPE_Countrywide_MEAN,PREV_CHANNEL_TYPE_Creditandcashoffices_MEAN,PREV_CHANNEL_TYPE_RegionalLocal_MEAN,PREV_CHANNEL_TYPE_Stone_MEAN,PREV_NAME_SELLER_INDUSTRY_Autotechnology_MEAN,PREV_NAME_SELLER_INDUSTRY_Clothing_MEAN,PREV_NAME_SELLER_INDUSTRY_Connectivity_MEAN,PREV_NAME_SELLER_INDUSTRY_Construction_MEAN,PREV_NAME_SELLER_INDUSTRY_Consumerelectronics_MEAN,PREV_NAME_SELLER_INDUSTRY_Furniture_MEAN,PREV_NAME_SELLER_INDUSTRY_Industry_MEAN,PREV_NAME_SELLER_INDUSTRY_Jewelry_MEAN,PREV_NAME_SELLER_INDUSTRY_MLMpartners_MEAN,PREV_NAME_SELLER_INDUSTRY_Tourism_MEAN,PREV_NAME_SELLER_INDUSTRY_XNA_MEAN,PREV_NAME_SELLER_INDUSTRY_nan_MEAN,PREV_NAME_YIELD_GROUP_XNA_MEAN,PREV_NAME_YIELD_GROUP_high_MEAN,PREV_NAME_YIELD_GROUP_low_action_MEAN,PREV_NAME_YIELD_GROUP_low_normal_MEAN,PREV_NAME_YIELD_GROUP_middle_MEAN,PREV_NAME_YIELD_GROUP_nan_MEAN,PREV_PRODUCT_COMBINATION_CardStreet_MEAN,PREV_PRODUCT_COMBINATION_CardXSell_MEAN,PREV_PRODUCT_COMBINATION_Cash_MEAN,PREV_PRODUCT_COMBINATION_CashStreethigh_MEAN,PREV_PRODUCT_COMBINATION_CashStreetlow_MEAN,PREV_PRODUCT_COMBINATION_CashStreetmiddle_MEAN,PREV_PRODUCT_COMBINATION_CashXSellhigh_MEAN,PREV_PRODUCT_COMBINATION_CashXSelllow_MEAN,PREV_PRODUCT_COMBINATION_CashXSellmiddle_MEAN,PREV_PRODUCT_COMBINATION_POShouseholdwithinterest_MEAN,PREV_PRODUCT_COMBINATION_POShouseholdwithoutinterest_MEAN,PREV_PRODUCT_COMBINATION_POSindustrywithinterest_MEAN,PREV_PRODUCT_COMBINATION_POSindustrywithoutinterest_MEAN,PREV_PRODUCT_COMBINATION_POSmobilewithinterest_MEAN,PREV_PRODUCT_COMBINATION_POSmobilewithoutinterest_MEAN,PREV_PRODUCT_COMBINATION_POSotherwithinterest_MEAN,PREV_PRODUCT_COMBINATION_POSotherswithoutinterest_MEAN,PREV_PRODUCT_COMBINATION_nan_MEAN,POS_MONTHS_BALANCE_MAX,POS_MONTHS_BALANCE_MEAN,POS_MONTHS_BALANCE_SIZE,POS_SK_DPD_MAX,POS_SK_DPD_MEAN,POS_SK_DPD_DEF_MAX,POS_SK_DPD_DEF_MEAN,POS_NAME_CONTRACT_STATUS_Active_MEAN,POS_NAME_CONTRACT_STATUS_Completed_MEAN,POS_NAME_CONTRACT_STATUS_Returnedtothestore_MEAN,POS_NAME_CONTRACT_STATUS_Signed_MEAN,POS_NAME_CONTRACT_STATUS_XNA_MEAN,INSTAL_NUM_INSTALMENT_VERSION_NUNIQUE,INSTAL_DPD_MAX,INSTAL_DPD_MEAN,INSTAL_DPD_SUM,INSTAL_DBD_MAX,INSTAL_DBD_MEAN,INSTAL_DBD_SUM,INSTAL_PAYMENT_DIFF_SUM,INSTAL_AMT_INSTALMENT_MAX,INSTAL_AMT_INSTALMENT_MEAN,INSTAL_AMT_INSTALMENT_SUM,INSTAL_AMT_PAYMENT_SUM,INSTAL_DAYS_ENTRY_PAYMENT_SUM,INSTAL_COUNT,CC_MONTHS_BALANCE_MIN,CC_MONTHS_BALANCE_MAX,CC_MONTHS_BALANCE_MEAN,CC_MONTHS_BALANCE_SUM,CC_AMT_BALANCE_MIN,CC_AMT_BALANCE_MAX,CC_AMT_BALANCE_MEAN,CC_AMT_BALANCE_SUM,CC_AMT_CREDIT_LIMIT_ACTUAL_MIN,CC_AMT_CREDIT_LIMIT_ACTUAL_MAX,CC_AMT_CREDIT_LIMIT_ACTUAL_MEAN,CC_AMT_CREDIT_LIMIT_ACTUAL_SUM,CC_AMT_DRAWINGS_ATM_CURRENT_SUM,CC_AMT_DRAWINGS_CURRENT_MIN,CC_AMT_DRAWINGS_CURRENT_MAX,CC_AMT_DRAWINGS_CURRENT_MEAN,CC_AMT_DRAWINGS_CURRENT_SUM,CC_AMT_DRAWINGS_OTHER_CURRENT_SUM,CC_AMT_DRAWINGS_POS_CURRENT_SUM,CC_AMT_INST_MIN_REGULARITY_MIN,CC_AMT_INST_MIN_REGULARITY_MAX,CC_AMT_INST_MIN_REGULARITY_MEAN,CC_AMT_INST_MIN_REGULARITY_SUM,CC_AMT_PAYMENT_CURRENT_SUM,CC_AMT_PAYMENT_TOTAL_CURRENT_MIN,CC_AMT_PAYMENT_TOTAL_CURRENT_MAX,CC_AMT_PAYMENT_TOTAL_CURRENT_MEAN,CC_AMT_PAYMENT_TOTAL_CURRENT_SUM,CC_AMT_RECEIVABLE_PRINCIPAL_MIN,CC_AMT_RECEIVABLE_PRINCIPAL_MAX,CC_AMT_RECEIVABLE_PRINCIPAL_MEAN,CC_AMT_RECEIVABLE_PRINCIPAL_SUM,CC_AMT_RECIVABLE_MIN,CC_AMT_RECIVABLE_MAX,CC_AMT_RECIVABLE_MEAN,CC_AMT_RECIVABLE_SUM,CC_AMT_TOTAL_RECEIVABLE_MIN,CC_AMT_TOTAL_RECEIVABLE_MEAN,CC_AMT_TOTAL_RECEIVABLE_SUM,CC_CNT_DRAWINGS_ATM_CURRENT_SUM,CC_CNT_DRAWINGS_CURRENT_MIN,CC_CNT_DRAWINGS_CURRENT_MAX,CC_CNT_DRAWINGS_CURRENT_MEAN,CC_CNT_DRAWINGS_CURRENT_SUM,CC_CNT_DRAWINGS_OTHER_CURRENT_SUM,CC_CNT_DRAWINGS_POS_CURRENT_SUM,CC_CNT_INSTALMENT_MATURE_CUM_MIN,CC_CNT_INSTALMENT_MATURE_CUM_MAX,CC_CNT_INSTALMENT_MATURE_CUM_MEAN,CC_CNT_INSTALMENT_MATURE_CUM_SUM,CC_SK_DPD_MIN,CC_SK_DPD_MAX,CC_SK_DPD_MEAN,CC_SK_DPD_SUM,CC_SK_DPD_DEF_MIN,CC_SK_DPD_DEF_MAX,CC_SK_DPD_DEF_MEAN,CC_SK_DPD_DEF_SUM,CC_NAME_CONTRACT_STATUS_Active_MIN,CC_NAME_CONTRACT_STATUS_Active_MAX,CC_NAME_CONTRACT_STATUS_Active_MEAN,CC_NAME_CONTRACT_STATUS_Active_SUM,CC_NAME_CONTRACT_STATUS_Approved_MIN,CC_NAME_CONTRACT_STATUS_Approved_MAX,CC_NAME_CONTRACT_STATUS_Approved_MEAN,CC_NAME_CONTRACT_STATUS_Approved_SUM,CC_NAME_CONTRACT_STATUS_Completed_MIN,CC_NAME_CONTRACT_STATUS_Completed_MAX,CC_NAME_CONTRACT_STATUS_Completed_MEAN,CC_NAME_CONTRACT_STATUS_Completed_SUM,CC_NAME_CONTRACT_STATUS_Demand_MIN,CC_NAME_CONTRACT_STATUS_Demand_MAX,CC_NAME_CONTRACT_STATUS_Demand_MEAN,CC_NAME_CONTRACT_STATUS_Demand_SUM,CC_NAME_CONTRACT_STATUS_Refused_MIN,CC_NAME_CONTRACT_STATUS_Refused_MAX,CC_NAME_CONTRACT_STATUS_Refused_MEAN,CC_NAME_CONTRACT_STATUS_Refused_SUM,CC_NAME_CONTRACT_STATUS_Sentproposal_MIN,CC_NAME_CONTRACT_STATUS_Sentproposal_MAX,CC_NAME_CONTRACT_STATUS_Sentproposal_MEAN,CC_NAME_CONTRACT_STATUS_Sentproposal_SUM,CC_NAME_CONTRACT_STATUS_Signed_MIN,CC_NAME_CONTRACT_STATUS_Signed_MAX,CC_NAME_CONTRACT_STATUS_Signed_MEAN,CC_NAME_CONTRACT_STATUS_Signed_SUM,CC_COUNT,CREDIT_INCOME_PERCENT,prediction,proba_1
408267,1,1,0,0,0,135000.0,207306.0,9130.5,0.025164,18399,-1556.0,-2603.0,-1957,1,1,0,1,0,0,2.0,2,12,0,0,0,0,0,0,0.5035881054486108,0.5108529061799658,8.0,0.0,0.0,-1566.0,0,1,0,0,0,0,0,0,0,0,0,0,0,0,0,0,0,0,0,0,0.0,0.0,0.0,0.0,1.0,5.0,1,0,0,0,0,0,0,0,1,0,0,0,0,0,0,1,0,0,0,0,1,0,1,0,0,0,0,1,0,0,0,0,0,0,0,0,0,1,0,0,0,0,0,0,0,0,0,0,0,0,0,0,0,0,0,0,0,0,0,0,0,0,0,0,0,0,0,0,0,0,0,0,1,0,0,0,0,0,0,0,0,0,-0.0845698135768248,0.6512112529304507,67500.0,0.0676333333333333,0.0440435877398628,-2551,-1861,-2206.0,-1281.0,0,0.0,225000.0,180000.0,360000.0,-67.185,0.0,315067.185,0,76.0,0.0,0.0,1.0,0.0,0.0,1.0,0.0,0.0,0.0,0.0,0.0,0.0,0.0,0.5,0.5,0.0,0.0,0.0,0.0,0.0,0.0,0.0,0.0,0.0,1125000.0,370086.0,0.0,1318059.0,425646.5,8,17,14.0,-2545,-287,-1171.7777777777778,180.0,0.7777777777777778,0.1111111111111111,0.1111111111111111,0.1111111111111111,0.1111111111111111,0.2222222222222222,0.1111111111111111,0.1111111111111111,0.3333333333333333,0.0,0.0,0.0,0.0,0.0,0.0,0.0,0.0,0.0,0.0,0.0,0.0,0.0,0.0,0.0,0.0,0.2222222222222222,0.7777777777777778,0.8888888888888888,0.1111111111111111,0.0,0.7777777777777778,0.0,0.0,0.2222222222222222,0.0,0.0,0.0,0.0,0.0,0.0,0.0,0.0,1.0,0.0,0.0,0.0,0.1111111111111111,0.0,0.0,0.0,0.1111111111111111,0.4444444444444444,0.3333333333333333,0.1111111111111111,0.0,0.8888888888888888,0.0,0.0,0.0,0.0,0.0,0.0,0.0,0.0,0.0,0.1111111111111111,0.0,0.0,0.0,0.0,0.0,0.0,0.0,0.0,0.0,0.0,0.0,0.0,0.0,0.0,0.0,0.0,0.0,0.0,0.0,0.8888888888888888,0.0,0.1111111111111111,0.0,0.6666666666666666,0.1111111111111111,0.1111111111111111,0.0,0.2222222222222222,0.0,0.7777777777777778,0.0,0.0,0.0,0.0,0.1111111111111111,0.1111111111111111,0.7777777777777778,0.0,0.0,0.0,0.0,0.0,0.0,0.1111111111111111,0.0,0.0,0.0,0.0,0.0,0.8888888888888888,0.0,0.2222222222222222,0.1111111111111111,0.0,0.2222222222222222,0.4444444444444444,0.0,0.0,0.1111111111111111,0.1111111111111111,0.0,0.0,0.0,0.0,0.2222222222222222,0.4444444444444444,0.1111111111111111,0.0,0.0,0.0,0.0,0.0,0.0,0.0,0.0,-2,-42.81578947368421,76,5,0.1184210526315789,5,0.1184210526315789,0.9342105263157896,0.0526315789473684,0.0,0.0,0.0,3,14.0,0.863905325443787,146.0,30.0,6.142011834319527,1038.0,491031.09,712422.81,19133.88976331361,3233627.37,2742596.2800000003,-213942.0,169,-74,-2,-38.0,-2774,0.0,189297.0,86316.29691780821,6301089.675,0,180000,145479.45205479453,10620000,232650.0,0.0,178650.0,3188.7776712328764,232780.77,0.0,0.0,0.0,9000.0,5637.759999999999,405918.72,465795.45,0.0,65607.75,6325.185205479453,461738.52,0.0,178650.0,82749.48287671233,6040712.25,0.0,189297.0,86303.71171232878,6300170.955,0.0,86303.71171232878,6300170.955,11.0,0,10,0.1506849315068493,11,0.0,0.0,1.0,47.0,31.98611111111111,2303.0,0,1,0.1232876712328767,9,0,1,0.1232876712328767,9,0,1,0.958904109589041,70,0,0,0.0,0,0,1,0.0410958904109589,3,0,0,0.0,0,0,0,0.0,0,0,0,0.0,0,0,0,0.0,0,73,1.5356,1,0.5006152624719388
189957,1,1,0,1,0,112500.0,1080000.0,31707.0,0.018209,15093,-384.0,-7900.0,-3582,1,1,0,1,0,0,2.0,3,7,0,0,0,0,0,0,0.3715382041721933,0.7662336700704004,0.0,0.0,0.0,-1568.0,0,1,0,0,0,0,0,0,0,0,0,0,0,0,0,0,0,0,0,0,0.0,0.0,0.0,0.0,0.0,6.0,1,0,0,0,0,0,0,0,1,0,0,0,0,0,0,1,0,0,0,0,1,0,1,0,0,0,0,1,0,0,0,0,0,0,1,0,0,0,0,0,0,0,0,1,0,0,0,0,0,0,0,0,0,0,0,0,0,0,0,0,0,0,0,0,0,0,0,0,0,0,0,0,0,0,0,0,0,0,0,0,0,0,-0.0254422580003975,0.1041666666666666,56250.0,0.28184,0.0293583333333333,-2910,-383,-1728.888888888889,-1387.5555555555557,0,0.0,561600.0,165980.58,1493825.22,-13.545,0.0,180013.545,0,0.0,0.2222222222222222,0.0,0.7777777777777778,0.0,0.0,1.0,0.0,0.0,0.0,0.0,0.0,0.0,0.0,0.7777777777777778,0.2222222222222222,0.0,0.0,0.0,0.0,0.0,0.0,0.0,0.0,0.0,1282500.0,334738.8,0.0,1338367.5,360582.3,9,19,11.7,-2886,-86,-1103.6,128.0,0.6,0.3,0.1,0.0,0.0,0.4,0.1,0.3,0.1,0.1,0.0,0.0,0.0,0.0,0.0,0.0,0.0,0.0,0.0,0.0,0.0,0.0,0.0,0.0,0.0,0.4,0.6,0.6,0.2,0.2,0.7,0.0,0.0,0.3,0.0,0.0,0.2,0.0,0.0,0.0,0.0,0.0,0.8,0.0,0.0,0.0,0.2,0.0,0.0,0.0,0.0,0.4,0.4,0.0,0.0,1.0,0.0,0.0,0.0,0.0,0.1,0.0,0.0,0.0,0.0,0.0,0.0,0.0,0.0,0.0,0.0,0.0,0.0,0.0,0.0,0.0,0.0,0.1,0.0,0.0,0.1,0.0,0.0,0.0,0.0,0.7,0.0,0.1,0.0,0.5,0.3,0.1,0.0,0.4,0.0,0.6,0.0,0.0,0.0,0.0,0.2,0.1,0.5,0.1,0.1,0.0,0.0,0.1,0.0,0.2,0.0,0.0,0.0,0.0,0.0,0.7,0.0,0.2,0.3,0.0,0.3,0.2,0.0,0.1,0.0,0.1,0.0,0.0,0.0,0.1,0.2,0.2,0.2,0.0,0.0,0.0,0.1,0.0,0.0,0.0,0.0,-25,-56.52941176470589,34,16,0.9117647058823528,0,0.0,0.8235294117647058,0.1764705882352941,0.0,0.0,0.0,3,26.0,0.630057803468208,109.0,29.0,4.358381502890174,754.0,32316.300000000003,161759.925,6175.201213872832,1068309.81,1035993.51,-276723.0,173,-95,-1,-48.0,-4560,0.0,70997.31,29016.17621052631,2756536.74,45000,67500,64421.05263157895,6120000,272475.0,0.0,67500.0,3935.6734736842095,373888.98,0.0,101413.98,0.0,3375.0,1758.3604838709678,163527.525,475841.295,0.0,67275.0,4972.168421052632,472356.0,0.0,67500.0,27872.54194736842,2647891.485,-346.635,70997.31,28882.49636842105,2743837.155,-346.635,28882.49636842105,2743837.155,11.0,0,8,0.3684210526315789,35,0.0,24.0,1.0,51.0,34.86021505376344,3242.0,0,1,0.0526315789473684,5,0,1,0.0526315789473684,5,1,1,1.0,95,0,0,0.0,0,0,0,0.0,0,0,0,0.0,0,0,0,0.0,0,0,0,0.0,0,0,0,0.0,0,95,9.6,0,0.49841893479132654
264859,1,1,0,0,0,189000.0,244998.0,10921.5,0.04622,21553,-4238.0,-15677.0,-4448,1,1,0,1,0,0,1.0,1,17,0,0,0,0,0,0,0.4466195790923816,0.7106743858828587,0.0,0.0,0.0,-1710.0,0,1,0,0,0,0,0,0,0,0,0,0,0,0,0,0,0,0,0,0,0.0,0.0,0.0,0.0,0.0,8.0,1,0,0,0,0,0,0,0,1,0,0,0,0,0,0,1,0,0,0,0,1,0,0,0,0,1,0,1,0,0,0,0,0,0,1,0,0,0,0,0,0,0,0,0,0,0,0,0,0,0,1,0,0,0,0,0,0,0,0,0,0,0,0,0,0,0,0,0,0,0,0,0,0,0,0,0,0,0,0,0,0,0,-0.1966315594116828,0.7714348688560723,189000.0,0.0577857142857142,0.0445779149217544,-2701,-2570,-2635.5,-1584.0,0,0.0,225000.0,121835.25,243670.5,-290.115,0.0,157790.115,0,0.0,0.5,0.0,0.5,0.0,0.0,1.0,0.0,0.0,0.0,0.0,0.0,0.0,0.0,0.5,0.5,0.0,0.0,0.0,0.0,0.0,0.0,0.0,0.0,0.0,1174500.0,381933.9642857143,0.0,1345036.5,439021.9285714286,9,17,13.357142857142858,-2524,-123,-716.2857142857143,294.0,0.7857142857142857,0.0714285714285714,0.1428571428571428,0.0,0.1428571428571428,0.2857142857142857,0.0,0.0714285714285714,0.4285714285714285,0.0714285714285714,0.0,0.0,0.0,0.0,0.0,0.0,0.0,0.0,0.0,0.0,0.0,0.0,0.0,0.0,0.1428571428571428,0.2142857142857142,0.6428571428571429,0.6428571428571429,0.2142857142857142,0.1428571428571428,0.5714285714285714,0.0,0.0,0.4285714285714285,0.0,0.0,0.0714285714285714,0.0,0.0714285714285714,0.0,0.0,0.0,0.8571428571428571,0.0,0.0,0.0,0.0,0.0,0.0,0.0,0.0,0.5714285714285714,0.4285714285714285,0.0714285714285714,0.0,0.9285714285714286,0.0,0.0,0.0,0.0,0.0,0.0,0.0,0.0,0.0,0.0,0.0,0.0,0.0,0.0,0.0,0.0,0.0,0.0,0.0,0.0,0.0,0.0714285714285714,0.0,0.0,0.0,0.0,0.0,0.0,0.0,0.9285714285714286,0.0,0.0714285714285714,0.0,0.6428571428571429,0.0714285714285714,0.2142857142857142,0.0,0.2857142857142857,0.1428571428571428,0.5714285714285714,0.0,0.0,0.0,0.0,0.0,0.1428571428571428,0.8571428571428571,0.0,0.0,0.0,0.0,0.0714285714285714,0.0,0.0714285714285714,0.0,0.0,0.0,0.0,0.0,0.8571428571428571,0.0,0.2857142857142857,0.0714285714285714,0.0,0.3571428571428571,0.2857142857142857,0.0,0.0714285714285714,0.0714285714285714,0.1428571428571428,0.0714285714285714,0.0,0.0714285714285714,0.0,0.2857142857142857,0.2142857142857142,0.0,0.0,0.0,0.0,0.0714285714285714,0.0,0.0,0.0,0.0,-1,-30.27083333333333,48,22,1.3541666666666667,0,0.0,0.9166666666666666,0.0833333333333333,0.0,0.0,0.0,8,27.0,0.773109243697479,92.0,62.0,6.65546218487395,792.0,-980347.815,751668.165,35168.92336134454,4185101.88,5165449.695,-130324.0,119,-70,-1,-35.5,-2485,0.0,191369.475,93750.30964285714,6562521.675,0,180000,157500.0,11025000,237150.0,0.0,180000.0,3412.265142857143,238858.56,0.0,0.0,0.0,9000.0,5621.4384782608695,387879.255,551158.335,0.0,89775.0,7421.785714285715,519525.0,0.0,180000.0,89601.37071428572,6272095.95,0.0,191369.475,93737.74885714284,6561642.42,0.0,93737.74885714284,6561642.42,12.0,0,5,0.1714285714285714,12,0.0,0.0,1.0,44.0,30.28985507246377,2090.0,0,1,0.0142857142857142,1,0,1,0.0142857142857142,1,1,1,1.0,70,0,0,0.0,0,0,0,0.0,0,0,0,0.0,0,0,0,0.0,0,0,0,0.0,0,0,0,0.0,0,70,1.2962857142857145,0,0.49841893479132654
109997,1,1,0,0,0,157500.0,139500.0,5386.5,0.026392,19398,-4131.0,-5537.0,-2942,1,1,0,1,0,0,2.0,2,16,0,0,0,0,0,0,0.4747935467298175,0.511891801533151,3.0,1.0,1.0,-1445.0,0,1,0,0,0,0,0,0,0,0,0,0,0,0,0,0,0,0,0,0,0.0,0.0,0.0,1.0,0.0,7.0,1,0,0,0,0,0,0,0,1,0,0,0,0,0,0,1,0,0,0,0,1,0,1,0,0,0,0,1,0,0,0,0,1,0,0,0,0,0,0,0,0,0,0,0,0,0,0,0,0,0,1,0,0,0,0,0,0,0,0,0,0,0,0,0,0,0,0,0,0,0,0,0,0,0,0,0,0,0,0,0,0,0,-0.2129600989792762,1.1290322580645162,78750.0,0.0342,0.0386129032258064,-2608,-400,-1278.6666666666667,-797.3333333333334,0,0.0,1543500.0,306434.5,2757910.5,-437.985,0.0,346937.98500000004,0,0.0,0.4444444444444444,0.0,0.5555555555555556,0.0,0.0,1.0,0.0,0.0,0.0,0.0,0.0,0.0,0.0,0.5555555555555556,0.4444444444444444,0.0,0.0,0.0,0.0,0.0,0.0,0.0,0.0,0.0,1350000.0,675000.0,0.0,1546020.0,701730.0,10,20,12.875,-1459,-96,-423.25,216.0,0.875,0.0,0.125,0.125,0.0,0.125,0.5,0.125,0.125,0.0,0.0,0.0,0.0,0.0,0.0,0.0,0.0,0.0,0.0,0.0,0.0,0.0,0.0,0.0,0.0,0.125,0.875,0.375,0.375,0.25,0.25,0.0,0.0,0.75,0.0,0.0,0.25,0.0,0.0,0.0,0.0,0.0,0.75,0.0,0.0,0.0,0.0,0.0,0.0,0.0,0.0,0.25,0.75,0.0,0.125,0.875,0.0,0.0,0.0,0.0,0.0,0.0,0.0,0.0,0.0,0.0,0.0,0.0,0.0,0.0,0.0,0.0,0.0,0.0,0.0,0.0,0.0,0.0,0.0,0.0,0.0,0.0,0.0,0.0,0.0,1.0,0.0,0.0,0.0,0.625,0.0,0.375,0.0,0.375,0.0,0.625,0.0,0.0,0.0,0.0,0.75,0.0,0.25,0.0,0.0,0.0,0.0,0.0,0.0,0.0,0.0,0.0,0.0,0.0,0.0,1.0,0.0,0.375,0.125,0.375,0.125,0.0,0.0,0.125,0.0,0.25,0.0,0.0,0.0,0.125,0.5,0.0,0.0,0.0,0.0,0.0,0.0,0.0,0.0,0.0,0.0,-1,-29.56,25,0,0.0,0,0.0,0.88,0.04,0.0,0.04,0.0,3,14.0,0.1414141414141414,14.0,30.0,5.727272727272728,567.0,0.0,80792.46,8445.564090909093,836110.8450000001,836110.8450000001,-192166.0,99,-96,-1,-48.5,-4656,0.0,75955.68,9033.9365625,867257.91,90000,90000,90000.0,8640000,67500.0,0.0,67500.0,1090.5871875,104696.37,0.0,0.0,0.0,5400.0,747.7785937499999,71786.745,307962.045,0.0,72175.5,2291.784375,220011.3,0.0,67500.0,8493.34921875,815361.525,-67.5,75955.68,9012.48609375,865198.665,-67.5,9012.48609375,865198.665,3.0,0,3,0.03125,3,0.0,0.0,12.0,32.0,28.64583333333333,2750.0,0,1,0.0104166666666666,1,0,1,0.0104166666666666,1,0,1,0.7604166666666666,73,0,0,0.0,0,0,1,0.2395833333333333,23,0,0,0.0,0,0,0,0.0,0,0,0,0.0,0,0,0,0.0,0,96,0.8857142857142857,0,0.49841893479132654
243071,1,1,0,1,0,126000.0,276277.5,19777.5,0.006852,14469,-3799.0,-4105.0,-4104,1,1,0,1,0,0,2.0,3,9,0,0,0,0,0,0,0.402659458946025,0.5108529061799658,0.0,0.0,0.0,-2564.0,0,1,0,0,0,0,0,0,0,0,0,0,0,0,0,0,0,0,0,0,0.0,0.0,0.0,0.0,2.0,4.0,1,0,0,0,0,0,0,0,1,0,0,0,0,0,0,1,0,0,0,0,1,1,0,0,0,0,0,1,0,0,0,0,0,0,0,0,1,0,0,0,0,0,0,0,0,0,0,0,0,0,0,0,0,0,0,0,0,0,0,0,0,0,0,0,0,0,0,0,0,0,0,0,0,0,0,0,0,0,1,0,0,0,-0.2625613380330361,0.4560631973287727,63000.0,0.1569642857142857,0.0715856340092841,-1532,-371,-1036.6,-593.2,0,0.0,225000.0,110269.395,551346.975,-209.115,0.0,135209.115,0,0.0,0.4,0.0,0.6,0.0,0.0,1.0,0.0,0.0,0.0,0.0,0.0,0.0,0.0,0.4,0.6,0.0,0.0,0.0,0.0,0.0,0.0,0.0,0.0,0.0,179109.0,62242.875,0.0,198022.5,109804.5,5,13,10.5,-2564,-53,-877.25,36.0,0.25,0.5,0.25,0.0,0.0,0.0,0.25,0.0,0.5,0.25,0.0,0.0,0.0,0.0,0.0,0.0,0.0,0.0,0.0,0.0,0.0,0.0,0.0,0.0,0.0,0.75,0.25,0.75,0.25,0.0,0.5,0.0,0.0,0.5,0.0,0.0,0.0,0.0,0.0,0.0,0.0,0.0,1.0,0.0,0.0,0.0,0.5,0.0,0.0,0.0,0.0,0.0,0.5,0.25,0.25,0.5,0.0,0.0,0.0,0.0,0.25,0.0,0.0,0.25,0.0,0.0,0.0,0.0,0.0,0.0,0.0,0.0,0.0,0.0,0.0,0.0,0.0,0.0,0.0,0.0,0.0,0.0,0.0,0.0,0.0,0.5,0.0,0.25,0.0,0.0,0.5,0.25,0.0,0.75,0.0,0.25,0.0,0.0,0.0,0.0,0.25,0.25,0.25,0.0,0.25,0.0,0.0,0.0,0.0,0.5,0.0,0.0,0.0,0.0,0.0,0.5,0.0,0.5,0.25,0.0,0.25,0.0,0.0,0.0,0.25,0.25,0.0,0.0,0.0,0.0,0.0,0.0,0.5,0.0,0.0,0.0,0.0,0.0,0.0,0.0,0.0,-1,-64.66666666666667,27,0,0.0,0,0.0,1.0,0.0,0.0,0.0,0.0,2,15.0,3.4375,220.0,21.0,1.25,80.0,0.0,19421.865,6422.47453125,411038.37,411038.37,-67846.0,64,-25,-1,-13.0,-325,0.0,152252.73,42317.9514,1057948.785,157500,157500,157500.0,3937500,157500.0,0.0,157500.0,6300.0,157500.0,0.0,0.0,0.0,7565.31,2507.1136363636365,55156.5,202251.6,0.0,15750.0,8079.2748,201981.87,0.0,141750.0,40303.5588,1007588.97,0.0,146870.73,42102.6714,1052566.785,0.0,42102.6714,1052566.785,4.0,0,4,0.16,4,0.0,0.0,1.0,13.0,9.454545454545457,208.0,0,0,0.0,0,0,0,0.0,0,1,1,1.0,25,0,0,0.0,0,0,0,0.0,0,0,0,0.0,0,0,0,0.0,0,0,0,0.0,0,0,0,0.0,0,25,2.1926785714285715,0,0.49841893479132654
381910,1,1,0,0,0,180000.0,1319269.5,42687.0,0.022625,18008,-2611.0,-2810.0,-1550,1,1,0,1,0,0,2.0,2,11,0,0,0,0,1,1,0.3819250308722342,0.5108529061799658,1.0,0.0,0.0,0.0,0,1,0,0,0,0,0,0,0,0,0,0,0,0,0,0,0,0,0,0,0.0,0.0,0.0,0.0,0.0,1.0,1,0,0,1,0,0,0,0,0,0,0,0,0,0,0,1,0,0,0,0,1,0,1,0,0,0,0,1,0,0,0,0,0,0,1,0,0,0,0,0,0,0,0,0,0,0,0,0,0,0,0,0,0,0,0,0,0,0,0,0,0,0,0,0,0,0,0,0,0,0,0,0,1,0,0,0,0,0,0,0,0,0,-0.1449911150599733,0.1364391430257426,90000.0,0.23715,0.0323565427685548,-921,-513,-649.0,-535.6666666666666,0,0.0,256500.0,143116.455,429349.365,-45.0,0.0,45045.0,0,0.0,1.0,0.0,0.0,0.0,0.0,1.0,0.0,0.0,0.0,0.0,0.0,0.0,0.0,0.3333333333333333,0.6666666666666666,0.0,0.0,0.0,0.0,0.0,0.0,0.0,0.0,0.0,450000.0,108114.68625,0.0,528030.0,127007.25,9,19,14.916666666666666,-2767,-268,-1735.5,76.0,0.5,0.4166666666666667,0.0833333333333333,0.0833333333333333,0.0833333333333333,0.0833333333333333,0.0833333333333333,0.4166666666666667,0.0833333333333333,0.1666666666666666,0.0,0.0,0.0,0.0,0.0,0.0,0.0,0.0,0.0,0.0,0.0,0.0833333333333333,0.0,0.0,0.0,0.5,0.4166666666666667,0.75,0.0,0.1666666666666666,0.8333333333333334,0.0,0.0,0.1666666666666666,0.0,0.0833333333333333,0.0833333333333333,0.0,0.0833333333333333,0.0,0.0,0.0,0.75,0.0,0.0,0.0,0.25,0.0,0.0,0.0,0.0833333333333333,0.4166666666666667,0.25,0.0,0.0,1.0,0.0,0.0,0.0,0.0,0.0833333333333333,0.0,0.0,0.0,0.0,0.0833333333333333,0.0,0.0,0.0,0.0,0.0,0.0,0.0,0.0,0.0,0.0,0.0,0.25,0.0,0.0,0.0,0.0,0.0,0.0,0.0,0.5833333333333334,0.0,0.0833333333333333,0.0,0.4166666666666667,0.3333333333333333,0.1666666666666666,0.0,0.5,0.0833333333333333,0.4166666666666667,0.0,0.0,0.0,0.0,0.0,0.5,0.5,0.0,0.0,0.0,0.0,0.3333333333333333,0.0,0.1666666666666666,0.0,0.0,0.0,0.0,0.0,0.5,0.0,0.25,0.4166666666666667,0.0833333333333333,0.1666666666666666,0.0833333333333333,0.0,0.0833333333333333,0.0,0.0833333333333333,0.25,0.0,0.0,0.0,0.0833333333333333,0.0833333333333333,0.0833333333333333,0.0833333333333333,0.0,0.0,0.25,0.0,0.0,0.0,0.0,-4,-50.51948051948052,77,2,0.0259740259740259,2,0.0259740259740259,0.9090909090909092,0.0779220779220779,0.0,0.0129870129870129,0.0,3,4.0,0.0432098765432098,7.0,50.0,2.9814814814814814,483.0,102881.34,76301.325,10465.49861111111,1695410.775,1592529.435,-231647.0,162,-84,-1,-42.5,-3570,0.0,87567.03,3016.2825,253367.73,0,90000,20357.14285714286,1710000,99000.0,0.0,90000.0,1178.571428571429,99000.0,0.0,0.0,0.0,4500.0,174.64879518072289,14495.85,130505.85,0.0,83070.0,1310.357142857143,110070.0,0.0,82973.7,2887.3896428571425,242540.73,-243.0,87567.03,2981.284285714286,250427.88,-243.0,2981.284285714286,250427.88,4.0,0,2,0.0476190476190476,4,0.0,0.0,1.0,4.0,3.927710843373494,326.0,0,0,0.0,0,0,0,0.0,0,1,1,1.0,84,0,0,0.0,0,0,0,0.0,0,0,0,0.0,0,0,0,0.0,0,0,0,0.0,0,0,0,0.0,0,84,7.329275,0,0.49841893479132654
353202,1,1,0,1,2,251100.0,1205451.0,39969.0,0.018801,14907,-867.0,-1248.0,-1471,1,1,1,1,1,0,4.0,2,14,0,0,0,0,0,0,0.4909988790434251,0.5108529061799658,6.0,1.0,0.0,-1668.0,0,1,0,0,0,0,0,0,0,0,0,0,0,0,0,0,0,0,0,0,1.0,0.0,0.0,0.0,0.0,2.0,1,0,0,0,0,0,0,0,1,0,0,0,0,0,0,1,0,0,0,0,1,0,1,0,0,0,0,0,1,0,0,0,0,0,0,0,1,0,0,0,0,0,0,0,0,0,0,0,1,0,0,0,0,0,0,0,0,0,0,0,0,0,0,0,0,0,0,0,0,0,0,0,0,0,0,0,0,0,0,0,0,0,-0.0581605956932984,0.2083037800789912,62775.0,0.1591756272401433,0.0331568848505663,-2685,-143,-1373.25,-907.625,0,0.0,1350000.0,341160.24375,2729281.95,-222.795,0.0,405222.795,0,0.0,0.625,0.0,0.375,0.0,0.0,1.0,0.0,0.0,0.0,0.0,0.0,0.0,0.0,0.5,0.5,0.0,0.0,0.0,0.0,0.0,0.0,0.0,0.0,0.0,1080000.0,214637.0,0.0,1236816.0,253449.0,7,15,10.77777777777778,-2491,-16,-1296.7777777777778,142.0,0.3333333333333333,0.5555555555555556,0.1111111111111111,0.3333333333333333,0.0,0.0,0.1111111111111111,0.0,0.3333333333333333,0.2222222222222222,0.0,0.0,0.0,0.0,0.0,0.0,0.0,0.0,0.0,0.0,0.0,0.0,0.0,0.0,0.0,0.6666666666666666,0.3333333333333333,0.6666666666666666,0.1111111111111111,0.2222222222222222,0.7777777777777778,0.0,0.0,0.2222222222222222,0.0,0.0,0.1111111111111111,0.0,0.1111111111111111,0.0,0.0,0.0,0.7777777777777778,0.0,0.0,0.0,0.1111111111111111,0.0,0.0,0.2222222222222222,0.0,0.2222222222222222,0.4444444444444444,0.2222222222222222,0.0,0.7777777777777778,0.0,0.0,0.0,0.0,0.2222222222222222,0.0,0.0,0.0,0.0,0.2222222222222222,0.0,0.0,0.0,0.0,0.0,0.0,0.0,0.0,0.0,0.0,0.0,0.1111111111111111,0.0,0.0,0.0,0.0,0.0,0.0,0.0,0.4444444444444444,0.0,0.1111111111111111,0.0,0.2222222222222222,0.5555555555555556,0.1111111111111111,0.0,0.6666666666666666,0.1111111111111111,0.2222222222222222,0.0,0.0,0.0,0.0,0.0,0.5555555555555556,0.4444444444444444,0.0,0.0,0.0,0.0,0.1111111111111111,0.0,0.4444444444444444,0.0,0.0,0.0,0.0,0.0,0.4444444444444444,0.0,0.2222222222222222,0.3333333333333333,0.1111111111111111,0.3333333333333333,0.0,0.0,0.1111111111111111,0.0,0.1111111111111111,0.0,0.0,0.0,0.0,0.2222222222222222,0.0,0.2222222222222222,0.2222222222222222,0.0,0.0,0.1111111111111111,0.0,0.0,0.0,0.0,-10,-43.96491228070175,57,0,0.0,0,0.0,0.9298245614035088,0.0526315789473684,0.0,0.0175438596491228,0.0,3,6.0,0.2524271844660194,26.0,53.0,5.951456310679611,613.0,25597.935000000005,376263.675,14213.842427184469,1464025.77,1438427.835,-98754.0,103,-39,-1,-20.0,-780,0.0,135310.545,38660.28923076923,1507751.28,45000,450000,188076.92307692303,7335000,180000.0,0.0,74250.0,5110.269230769231,199300.5,0.0,19300.5,0.0,6508.89,2342.84765625,74971.125,259852.05,0.0,101700.18,6634.097307692307,258729.795,0.0,129269.205,36873.55269230769,1438068.555,0.0,133965.045,38418.78923076923,1498332.78,0.0,38418.78923076923,1498332.78,7.0,0,2,0.2307692307692307,9,0.0,2.0,1.0,16.0,11.8125,378.0,0,0,0.0,0,0,0,0.0,0,1,1,1.0,39,0,0,0.0,0,0,0,0.0,0,0,0,0.0,0,0,0,0.0,0,0,0,0.0,0,0,0,0.0,0,39,4.80068100358423,0,0.49841893479132654
254432,1,1,0,1,0,112500.0,1236816.0,36162.0,0.018209,19027,-1614.0,-8343.0,-2562,1,1,1,1,1,0,2.0,3,16,0,0,0,0,0,0,0.3535447280865859,0.7700870700124128,0.0,0.0,0.0,-1106.0,0,1,0,0,0,0,0,0,0,0,0,0,0,0,0,0,0,0,0,0,0.0,0.0,0.0,0.0,0.0,1.0,1,0,0,0,0,0,0,0,1,0,0,0,0,0,0,1,0,0,0,0,1,1,0,0,0,0,0,1,0,0,0,0,0,0,0,0,0,1,0,0,0,0,0,0,0,0,0,0,0,0,0,0,0,0,0,0,0,0,0,0,0,0,0,0,0,0,0,0,0,0,0,0,1,0,0,0,0,0,0,0,0,0,-0.0848268250381037,0.0909593666317382,56250.0,0.32144,0.0292379788101059,-2753,-1438,-2255.0,-1375.25,0,0.0,63360.0,42160.7475,168642.99,-52.065,0.0,270052.065,0,0.0,0.25,0.0,0.75,0.0,0.0,1.0,0.0,0.0,0.0,0.0,0.0,0.0,0.0,0.75,0.25,0.0,0.0,0.0,0.0,0.0,0.0,0.0,0.0,0.0,184194.0,78549.75,31545.0,103518.0,66830.625,14,19,15.25,-2611,-1106,-2150.5,46.0,0.0,0.75,0.25,0.0,0.0,0.0,0.5,0.0,0.0,0.5,0.0,0.0,0.0,0.0,0.0,0.0,0.0,0.0,0.0,0.0,0.0,0.0,0.0,0.0,0.0,1.0,0.0,0.75,0.0,0.25,0.75,0.0,0.0,0.25,0.0,0.0,0.0,0.0,0.25,0.0,0.0,0.0,0.75,0.0,0.0,0.25,0.5,0.0,0.0,0.0,0.0,0.0,0.25,0.5,0.0,0.5,0.0,0.0,0.0,0.0,0.0,0.0,0.0,0.25,0.0,0.25,0.0,0.0,0.0,0.0,0.0,0.0,0.0,0.0,0.0,0.0,0.0,0.0,0.0,0.0,0.0,0.0,0.0,0.0,0.0,0.5,0.0,0.25,0.0,0.0,0.75,0.0,0.0,0.75,0.0,0.25,0.0,0.0,0.0,0.0,0.25,0.75,0.0,0.0,0.0,0.0,0.0,0.0,0.0,0.75,0.0,0.0,0.0,0.0,0.0,0.25,0.0,0.25,0.25,0.25,0.25,0.0,0.0,0.0,0.25,0.0,0.0,0.0,0.0,0.0,0.0,0.0,0.25,0.5,0.0,0.0,0.0,0.0,0.0,0.0,0.0,-27,-56.5,22,0,0.0,0,0.0,0.9090909090909092,0.0909090909090909,0.0,0.0,0.0,3,9.0,0.1724137931034483,20.0,44.0,9.689655172413794,1124.0,4500.0,32605.2,2739.482844827586,317780.01,313280.01,-148940.0,116,-75,-2,-38.5,-2849,0.0,46984.05,20574.709662162164,1522528.515,45000,45000,45000.0,3330000,54450.0,0.0,42750.0,789.0397297297296,58388.94,0.0,3938.94,0.0,2250.0,1204.2215753424657,87908.175,142235.415,0.0,9000.0,1696.6216216216217,125550.0,0.0,44341.38,19628.94162162162,1452541.68,0.0,46984.05,20572.572162162163,1522370.34,0.0,20572.572162162163,1522370.34,5.0,0,4,0.1216216216216216,9,0.0,4.0,1.0,41.0,29.767123287671232,2173.0,0,1,0.0405405405405405,3,0,1,0.027027027027027,2,1,1,1.0,74,0,0,0.0,0,0,0,0.0,0,0,0,0.0,0,0,0,0.0,0,0,0,0.0,0,0,0,0.0,0,74,10.99392,0,0.4958261883569056
367246,1,1,0,0,2,180000.0,679500.0,27076.5,0.020713,15519,-2434.0,-1400.0,-4746,1,1,0,1,0,0,3.0,3,13,0,0,0,0,0,0,0.7167319448728764,0.7922644738669378,0.0,0.0,0.0,-1776.0,0,1,0,0,0,0,0,0,0,0,0,0,0,0,0,0,0,0,0,0,0.0,0.0,0.0,0.0,0.0,4.0,1,0,0,1,0,0,0,0,0,0,0,0,0,0,0,1,0,0,0,0,1,0,0,1,0,0,0,1,0,0,0,0,0,0,0,0,0,0,1,0,0,0,0,0,0,0,0,0,0,0,0,0,0,0,0,0,0,0,0,0,0,0,0,0,0,0,0,0,0,0,0,0,0,0,0,0,0,0,1,0,0,0,-0.1568400025774856,0.2649006622516556,60000.0,0.150425,0.0398476821192053,-2625,-678,-1411.1764705882354,-825.5294117647059,0,0.0,877500.0,171039.45705882352,2907670.77,-443.205,0.0,454943.205,0,0.0,0.1764705882352941,0.0,0.8235294117647058,0.0,0.0,1.0,0.0,0.0,0.0,0.0,0.0,0.0588235294117647,0.0,0.5294117647058824,0.4117647058823529,0.0,0.0,0.0,0.0,0.0,0.0,0.0,0.0,0.0,373500.0,93503.57142857143,0.0,390757.5,94375.92857142857,6,15,10.285714285714286,-2818,-228,-1678.571428571429,54.0,0.2857142857142857,0.7142857142857143,0.0,0.1428571428571428,0.2857142857142857,0.5714285714285714,0.0,0.0,0.0,0.0,0.0,0.0,0.0,0.0,0.0,0.0,0.0,0.0,0.0,0.0,0.0,0.0,0.0,0.0,0.0,0.7142857142857143,0.2857142857142857,0.7142857142857143,0.1428571428571428,0.1428571428571428,0.8571428571428571,0.0,0.0,0.1428571428571428,0.0,0.0,0.0,0.0,0.1428571428571428,0.0,0.0,0.0,0.8571428571428571,0.0,0.0,0.0,0.2857142857142857,0.2857142857142857,0.0,0.0,0.0,0.2857142857142857,0.1428571428571428,0.0,0.0,1.0,0.0,0.0,0.0,0.0,0.0,0.0,0.0,0.0,0.0,0.2857142857142857,0.0,0.0,0.0,0.0,0.0,0.0,0.0,0.0,0.0,0.0,0.0,0.2857142857142857,0.0,0.0,0.0,0.0,0.0,0.0,0.0,0.4285714285714285,0.0,0.0,0.0,0.1428571428571428,0.7142857142857143,0.1428571428571428,0.0,0.8571428571428571,0.0,0.1428571428571428,0.0,0.0,0.0,0.0,0.0,0.1428571428571428,0.2857142857142857,0.0,0.5714285714285714,0.0,0.0,0.4285714285714285,0.0,0.2857142857142857,0.0,0.0,0.0,0.0,0.0,0.2857142857142857,0.0,0.1428571428571428,0.7142857142857143,0.1428571428571428,0.0,0.0,0.0,0.0,0.0,0.1428571428571428,0.0,0.0,0.0,0.0,0.1428571428571428,0.0,0.2857142857142857,0.0,0.0,0.0,0.4285714285714285,0.0,0.0,0.0,0.0,-2,-54.829268292682926,41,17,0.8048780487804879,17,0.8048780487804879,0.926829268292683,0.073170731707317,0.0,0.0,0.0,4,27.0,0.6258992805755396,87.0,51.0,4.179856115107913,581.0,20797.020000000004,69898.275,4941.223057553957,686830.005,666032.985,-215964.0,139,-96,-2,-49.0,-4655,0.0,66372.615,2493.2553157894736,236859.255,0,90000,29368.42105263158,2790000,0.0,0.0,0.0,0.0,0.0,0.0,0.0,0.0,5400.0,290.9273684210526,27638.1,108867.6,0.0,58050.0,781.578947368421,74250.0,0.0,61248.375,2336.5695789473684,221974.11,-377.55,66372.615,2454.744789473684,233200.755,-377.55,2454.744789473684,233200.755,0.0,0,0,0.0,0,0.0,0.0,9.0,14.0,13.842105263157896,1315.0,0,1,0.0210526315789473,2,0,1,0.0210526315789473,2,1,1,1.0,95,0,0,0.0,0,0,0,0.0,0,0,0,0.0,0,0,0,0.0,0,0,0,0.0,0,0,0,0.0,0,95,3.775,0,0.4947633378632659
436450,0,1,0,0,0,216000.0,250272.0,14103.0,0.010147,18067,-6517.0,-2388.0,-1616,1,1,1,1,1,1,2.0,2,9,0,0,0,0,1,1,0.6427114435378487,0.7352209993926424,3.0,0.0,0.0,-1345.0,0,1,0,0,0,0,0,0,0,0,0,0,0,0,0,0,0,0,0,0,0.0,0.0,0.0,0.0,1.0,3.0,1,0,0,1,0,0,0,0,0,0,0,0,0,0,0,1,0,0,0,0,1,0,1,0,0,0,0,1,0,0,0,0,0,0,0,0,0,0,1,0,0,0,0,0,0,0,0,0,0,0,0,0,0,0,0,0,0,0,0,0,0,0,0,0,0,0,0,0,0,0,0,0,1,0,0,0,0,0,0,0,0,0,-0.3607129019759783,0.8630609896432682,108000.0,0.0652916666666666,0.0563506904487917,-1804,-953,-1319.5,-618.6666666666666,0,0.0,270000.0,120000.0,720000.0,-720.675,0.0,383220.675,0,257.0,0.3333333333333333,0.0,0.6666666666666666,0.0,0.0,1.0,0.0,0.0,0.0,0.0,0.0,0.0,0.0,0.3333333333333333,0.6666666666666666,0.0,0.0,0.0,0.0,0.0,0.0,0.0,0.0,0.0,1129500.0,429682.5,0.0,1227901.5,522714.6818181818,10,18,12.909090909090908,-2217,-80,-1055.1818181818182,280.0,0.6363636363636364,0.1818181818181818,0.1818181818181818,0.0909090909090909,0.0,0.0909090909090909,0.2727272727272727,0.0909090909090909,0.4545454545454545,0.0,0.0,0.0,0.0,0.0,0.0,0.0,0.0,0.0,0.0,0.0,0.0,0.0,0.0,0.0,0.0,0.3636363636363636,0.6363636363636364,0.7272727272727273,0.0909090909090909,0.1818181818181818,0.6363636363636364,0.0,0.0,0.3636363636363636,0.0,0.0,0.0,0.1818181818181818,0.0,0.0,0.0,0.0,0.8181818181818182,0.0,0.0,0.0909090909090909,0.2727272727272727,0.0,0.0,0.0,0.0,0.1818181818181818,0.4545454545454545,0.0909090909090909,0.0,0.9090909090909092,0.0,0.0,0.0,0.0,0.0909090909090909,0.0,0.0,0.0909090909090909,0.0,0.0,0.0,0.0,0.0,0.0,0.0,0.0,0.0,0.0,0.0,0.0,0.0,0.0,0.0,0.0,0.0,0.0,0.0,0.0,0.0,0.8181818181818182,0.0,0.1818181818181818,0.0,0.5454545454545454,0.1818181818181818,0.0909090909090909,0.0,0.2727272727272727,0.1818181818181818,0.5454545454545454,0.0,0.0,0.0,0.0,0.0,0.0909090909090909,0.8181818181818182,0.0,0.0909090909090909,0.0,0.0,0.0,0.0,0.1818181818181818,0.0,0.0,0.0,0.0,0.0,0.8181818181818182,0.0,0.2727272727272727,0.0909090909090909,0.0909090909090909,0.1818181818181818,0.3636363636363636,0.0,0.0909090909090909,0.0909090909090909,0.0909090909090909,0.0,0.0,0.0909090909090909,0.0909090909090909,0.1818181818181818,0.1818181818181818,0.1818181818181818,0.0,0.0,0.0,0.0,0.0,0.0,0.0,0.0,-2,-30.64772727272728,88,23,0.2613636363636363,0,0.0,0.9545454545454546,0.0454545454545454,0.0,0.0,0.0,4,35.0,0.5333333333333333,72.0,30.0,5.0962962962962965,688.0,-834697.35,900179.46,54898.859,7411345.965,8246043.315,-103651.0,135,-26,-2,-14.0,-350,0.0,546118.515,115261.9686,2881549.215,810000,810000,810000.0,20250000,2423250.0,0.0,787500.0,96930.0,2423250.0,0.0,0.0,0.0,21869.73,3950.8610869565214,90869.805,2078465.67,0.0,1118925.0,83138.6268,2078465.67,0.0,529644.375,111941.5356,2798538.39,0.0,540736.515,113886.3258,2847158.145,0.0,113886.3258,2847158.145,28.0,0,5,1.12,28,0.0,0.0,1.0,11.0,6.304347826086956,145.0,0,0,0.0,0,0,0,0.0,0,1,1,1.0,25,0,0,0.0,0,0,0,0.0,0,0,0,0.0,0,0,0,0.0,0,0,0,0.0,0,0,0,0.0,0,25,1.1586666666666667,0,0.4947633378632659
216340,1,1,0,1,2,180000.0,970380.0,28503.0,0.035792,13924,-163.0,-7752.0,-4553,1,1,0,1,1,0,4.0,2,17,0,0,0,0,0,0,0.7130593763659617,0.5108529061799658,11.0,0.0,0.0,-1783.0,0,1,0,0,0,0,0,0,0,0,0,0,0,0,0,0,0,0,0,0,0.0,0.0,0.0,0.0,0.0,2.0,1,0,0,0,0,0,0,0,1,0,0,0,0,0,0,1,0,0,0,0,1,0,1,0,0,0,0,1,0,0,0,0,0,0,1,0,0,0,0,0,0,0,0,0,1,0,0,0,0,0,0,0,0,0,0,0,0,0,0,0,0,0,0,0,0,0,0,0,0,0,0,0,0,0,0,0,0,0,0,0,0,0,-0.0117064062051134,0.1854943424225561,45000.0,0.15835,0.0293730291226117,-1641,-1171,-1484.3333333333333,-854.6666666666666,0,0.0,261000.0,117902.34,353707.02,-861.93,0.0,554361.93,0,0.0,0.6666666666666666,0.0,0.3333333333333333,0.0,0.0,1.0,0.0,0.0,0.0,0.0,0.0,0.0,0.0,0.3333333333333333,0.6666666666666666,0.0,0.0,0.0,0.0,0.0,0.0,0.0,0.0,0.0,29655.0,14827.5,28669.5,157500.0,93084.75,11,13,12.0,-2612,-1783,-2197.5,9.0,0.0,0.5,0.5,0.5,0.5,0.0,0.0,0.0,0.0,0.0,0.0,0.0,0.0,0.0,0.0,0.0,0.0,0.0,0.0,0.0,0.0,0.0,0.0,0.0,0.0,1.0,0.0,1.0,0.0,0.0,0.0,0.5,0.0,0.5,0.0,0.0,0.0,0.0,0.0,0.0,0.0,0.0,1.0,0.0,0.0,0.0,0.0,0.0,0.0,0.5,0.0,0.0,0.5,0.5,0.0,0.5,0.0,0.0,0.0,0.0,0.0,0.0,0.0,0.0,0.0,0.0,0.0,0.0,0.0,0.0,0.0,0.0,0.0,0.0,0.0,0.0,0.0,0.5,0.0,0.0,0.0,0.0,0.0,0.0,0.0,0.5,0.0,0.5,0.0,0.0,0.5,0.0,0.0,0.5,0.0,0.5,0.0,0.0,0.0,0.0,0.0,1.0,0.0,0.0,0.0,0.0,0.0,0.5,0.0,0.5,0.0,0.0,0.0,0.0,0.0,0.0,0.0,0.5,0.0,0.0,0.5,0.0,0.0,0.0,0.5,0.0,0.0,0.0,0.0,0.0,0.0,0.0,0.0,0.0,0.0,0.0,0.5,0.0,0.0,0.0,0.0,-77,-81.5,10,0,0.0,0,0.0,0.9,0.1,0.0,0.0,0.0,2,26.0,2.3132530120481927,192.0,19.0,1.9397590361445785,161.0,33075.0,145525.5,6898.439277108433,572570.46,539495.46,-94586.0,83,-59,-1,-30.0,-1770,0.0,168937.155,77207.9483898305,4555268.955,45000,157500,130805.08474576272,7717500,270675.0,0.0,126000.0,5140.388135593221,303282.9,0.0,32607.9,0.0,11025.0,6200.427631578948,353424.375,502195.185,0.0,156550.5,7183.23406779661,423810.81,0.0,157387.815,73385.11983050848,4329722.07,0.0,166696.155,76580.14652542374,4518228.6450000005,0.0,76580.14652542374,4518228.6450000005,37.0,0,15,0.9152542372881356,54,0.0,17.0,1.0,33.0,23.73684210526316,1353.0,0,0,0.0,0,0,0,0.0,0,1,1,1.0,59,0,0,0.0,0,0,0,0.0,0,0,0,0.0,0,0,0,0.0,0,0,0,0.0,0,0,0,0.0,0,59,5.391,0,0.4947633378632659
147889,1,1,1,1,2,112500.0,545040.0,26640.0,0.02461,12231,-993.0,-5436.0,-2017,1,1,0,1,1,0,4.0,2,17,0,0,0,1,1,0,0.6140234037139616,0.3344541255096772,0.0,0.0,0.0,-1503.0,0,1,0,0,0,0,0,0,0,0,0,0,0,0,0,0,0,0,0,0,0.0,0.0,0.0,1.0,0.0,1.0,1,0,0,0,0,0,0,0,1,0,0,0,0,0,0,1,0,0,0,0,1,1,0,0,0,0,0,1,0,0,0,0,0,0,0,0,0,1,0,0,0,0,0,0,0,0,0,0,0,0,0,0,0,0,0,0,0,0,0,0,0,0,0,0,0,0,1,0,0,0,0,0,0,0,0,0,0,0,0,0,0,0,-0.0811871474123129,0.2064068692206076,28125.0,0.2368,0.0488771466314399,-2763,-852,-1676.0,-876.1818181818181,525,47.72727272727273,270000.0,46751.73545454545,514269.09,-5570.505,0.0,275570.505,0,0.0,0.2727272727272727,0.0,0.6363636363636364,0.0909090909090909,0.0,1.0,0.0,0.0,0.0,0.0,0.0,0.0,0.0,0.5454545454545454,0.4545454545454545,0.0,0.0,0.0,0.0,0.0,0.0,0.0,0.0,0.0,139473.0,53239.5,23022.0,360000.0,176160.0,10,16,12.666666666666666,-1503,-388,-1063.6666666666667,18.0,0.0,0.6666666666666666,0.3333333333333333,0.0,0.0,0.3333333333333333,0.0,0.6666666666666666,0.0,0.0,0.0,0.0,0.0,0.0,0.0,0.0,0.0,0.0,0.0,0.0,0.0,0.0,0.0,0.0,0.0,1.0,0.0,1.0,0.0,0.0,0.6666666666666666,0.0,0.0,0.3333333333333333,0.0,0.0,0.0,0.0,0.0,0.0,0.0,0.0,1.0,0.0,0.0,0.0,0.0,0.0,0.0,0.0,0.0,0.3333333333333333,0.6666666666666666,0.3333333333333333,0.0,0.6666666666666666,0.0,0.0,0.0,0.0,0.0,0.0,0.0,0.3333333333333333,0.0,0.0,0.0,0.0,0.0,0.0,0.0,0.0,0.0,0.0,0.0,0.0,0.0,0.3333333333333333,0.0,0.0,0.0,0.0,0.0,0.0,0.0,0.3333333333333333,0.0,0.3333333333333333,0.0,0.0,0.6666666666666666,0.0,0.0,0.6666666666666666,0.0,0.3333333333333333,0.0,0.0,0.0,0.0,0.0,0.6666666666666666,0.3333333333333333,0.0,0.0,0.0,0.0,0.0,0.0,0.6666666666666666,0.0,0.0,0.0,0.0,0.0,0.3333333333333333,0.0,0.3333333333333333,0.3333333333333333,0.0,0.0,0.3333333333333333,0.0,0.0,0.3333333333333333,0.0,0.0,0.0,0.0,0.0,0.0,0.0,0.6666666666666666,0.0,0.0,0.0,0.0,0.0,0.0,0.0,0.0,-43,-46.0,7,0,0.0,0,0.0,0.8571428571428571,0.1428571428571428,0.0,0.0,0.0,3,0.0,0.0,0.0,96.0,6.357142857142857,356.0,0.0,225000.0,15445.105714285715,864925.92,864925.92,-42231.0,56,-42,-1,-21.5,-903,0.0,247940.01,40571.52964285714,1704004.245,45000,360000,270000.0,11340000,378000.0,0.0,202999.5,14962.114285714284,628408.7999999999,0.0,250408.8,0.0,18000.0,5792.364473684211,220109.85,829689.435,0.0,243000.0,19754.51035714286,829689.435,0.0,241393.995,39146.525357142855,1644154.065,0.0,248669.64,40383.46714285714,1696105.62,0.0,40383.46714285714,1696105.62,6.0,0,6,0.5952380952380952,25,0.0,19.0,1.0,14.0,11.605263157894736,441.0,0,0,0.0,0,0,0,0.0,0,1,1,1.0,42,0,0,0.0,0,0,0,0.0,0,0,0,0.0,0,0,0,0.0,0,0,0,0.0,0,0,0,0.0,0,42,4.8448,0,0.4947633378632659
235878,1,1,0,0,0,112500.0,533668.5,37273.5,0.010643,15451,-665.0,-2842.0,-3148,1,1,0,1,0,0,2.0,2,12,0,0,0,0,0,0,0.7707949770576886,0.5108529061799658,0.0,0.0,0.0,-2484.0,0,1,0,0,0,0,0,0,0,0,0,0,0,0,0,0,0,0,0,0,0.0,0.0,0.0,0.0,0.0,1.0,1,0,0,0,0,0,0,0,1,0,0,0,0,0,0,1,0,0,0,0,1,0,1,0,0,0,0,1,0,0,0,0,0,0,0,0,0,1,0,0,0,0,0,0,0,0,0,0,0,0,0,0,0,0,0,0,0,0,0,0,0,0,0,0,0,0,0,0,0,0,0,0,1,0,0,0,0,0,0,0,0,0,-0.0430392854831402,0.2108050222188493,56250.0,0.33132,0.0698439199615491,-2840,-1844,-2303.0,-1210.6666666666667,0,0.0,225000.0,142945.80000000002,428837.4,-43.155,0.0,225043.155,0,0.0,0.3333333333333333,0.0,0.6666666666666666,0.0,0.0,1.0,0.0,0.0,0.0,0.0,0.0,0.0,0.0,0.3333333333333333,0.6666666666666666,0.0,0.0,0.0,0.0,0.0,0.0,0.0,0.0,0.0,360000.0,123804.64285714286,13945.5,440761.5,164412.64285714287,9,16,12.285714285714286,-2885,-775,-1903.142857142857,61.0,0.2857142857142857,0.4285714285714285,0.2857142857142857,0.1428571428571428,0.1428571428571428,0.1428571428571428,0.0,0.4285714285714285,0.0,0.1428571428571428,0.0,0.0,0.0,0.0,0.0,0.0,0.0,0.0,0.0,0.0,0.0,0.0,0.0,0.0,0.0,0.7142857142857143,0.2857142857142857,0.8571428571428571,0.0,0.1428571428571428,0.0,0.0,0.0,1.0,0.0,0.0,0.1428571428571428,0.0,0.0,0.0,0.0,0.0,0.8571428571428571,0.0,0.0,0.1428571428571428,0.1428571428571428,0.0,0.0,0.0,0.1428571428571428,0.1428571428571428,0.4285714285714285,0.1428571428571428,0.0,0.8571428571428571,0.0,0.0,0.0,0.0,0.1428571428571428,0.0,0.0,0.0,0.0,0.0,0.0,0.0,0.0,0.0,0.0,0.0,0.0,0.0,0.0,0.0,0.0,0.2857142857142857,0.0,0.0,0.0,0.0,0.0,0.0,0.0,0.5714285714285714,0.0,0.2857142857142857,0.0,0.2857142857142857,0.4285714285714285,0.0,0.0,0.4285714285714285,0.1428571428571428,0.4285714285714285,0.0,0.0,0.0,0.0,0.0,0.7142857142857143,0.2857142857142857,0.0,0.0,0.0,0.0,0.4285714285714285,0.0,0.2857142857142857,0.0,0.0,0.0,0.0,0.0,0.2857142857142857,0.0,0.2857142857142857,0.0,0.0,0.4285714285714285,0.2857142857142857,0.0,0.2857142857142857,0.0,0.0,0.0,0.0,0.1428571428571428,0.0,0.0,0.1428571428571428,0.1428571428571428,0.0,0.0,0.0,0.2857142857142857,0.0,0.0,0.0,0.0,-19,-66.26086956521739,46,0,0.0,0,0.0,0.8913043478260869,0.0869565217391304,0.0,0.0217391304347826,0.0,3,11.0,0.2440944881889764,31.0,56.0,5.984251968503937,760.0,8709.795,64407.69,6224.18031496063,790470.9,781761.105,-188429.0,127,-81,-1,-41.0,-3321,0.0,191294.37,54121.62666666666,4383851.76,0,180000,148888.88888888888,12060000,246600.0,0.0,90000.0,3044.4444444444443,246600.0,0.0,0.0,0.0,9000.0,3208.0831875,256646.655,409032.405,0.0,81000.0,4925.555555555556,398970.0,0.0,178245.45,52002.12222222223,4212171.9,-198.315,191294.37,54100.22944444444,4382118.585,-198.315,54100.22944444444,4382118.585,11.0,0,3,0.1358024691358024,11,0.0,0.0,1.0,31.0,25.1875,2015.0,0,1,0.0617283950617283,5,0,1,0.0617283950617283,5,1,1,1.0,81,0,0,0.0,0,0,0,0.0,0,0,0,0.0,0,0,0,0.0,0,0,0,0.0,0,0,0,0.0,0,81,4.74372,0,0.4947633378632659
344065,1,1,0,1,0,157500.0,900000.0,24880.5,0.010006,17764,-1326.0,-8747.0,-1294,1,1,1,1,1,0,2.0,2,13,0,0,0,0,0,0,0.7792812508174768,0.4722533429586386,0.0,0.0,0.0,-2973.0,0,1,0,0,0,0,0,0,0,0,0,0,0,0,0,0,0,0,0,0,0.0,0.0,0.0,0.0,0.0,2.0,1,0,0,0,0,0,0,0,1,0,0,0,0,0,0,1,0,0,0,0,1,0,1,0,0,0,0,1,0,0,0,0,0,0,1,0,0,0,0,0,0,0,0,0,0,0,0,0,0,0,0,0,0,0,0,0,0,0,0,0,0,0,0,0,0,0,0,0,0,0,0,0,1,0,0,0,0,0,0,0,0,0,-0.0746453501463634,0.175,78750.0,0.1579714285714285,0.027645,-2875,-295,-1770.7857142857142,-1317.142857142857,0,0.0,405000.0,181162.8,2536279.2,-714.285,0.0,235164.285,0,0.0,0.1428571428571428,0.0,0.8571428571428571,0.0,0.0,1.0,0.0,0.0,0.0,0.0,0.0,0.0,0.0,0.7857142857142857,0.2142857142857142,0.0,0.0,0.0,0.0,0.0,0.0,0.0,0.0,0.0,0.0,0.0,67500.0,67500.0,67500.0,10,10,10.0,-2758,-2758,-2758.0,0.0,0.0,0.0,1.0,0.0,0.0,0.0,0.0,0.0,1.0,0.0,0.0,0.0,0.0,0.0,0.0,0.0,0.0,0.0,0.0,0.0,0.0,0.0,0.0,0.0,0.0,1.0,0.0,1.0,0.0,0.0,0.0,0.0,0.0,1.0,0.0,0.0,0.0,0.0,0.0,0.0,0.0,0.0,1.0,0.0,0.0,0.0,0.0,0.0,0.0,0.0,0.0,0.0,1.0,0.0,0.0,1.0,0.0,0.0,0.0,0.0,0.0,0.0,0.0,0.0,0.0,0.0,0.0,0.0,0.0,0.0,0.0,0.0,0.0,0.0,0.0,0.0,0.0,0.0,0.0,0.0,0.0,0.0,0.0,0.0,0.0,1.0,0.0,1.0,0.0,0.0,0.0,0.0,0.0,0.0,0.0,1.0,0.0,0.0,0.0,0.0,1.0,0.0,0.0,0.0,0.0,0.0,0.0,0.0,0.0,0.0,0.0,0.0,0.0,0.0,0.0,1.0,0.0,1.0,0.0,0.0,0.0,0.0,0.0,1.0,0.0,0.0,0.0,0.0,0.0,0.0,0.0,0.0,0.0,0.0,0.0,0.0,0.0,0.0,0.0,0.0,0.0,-85,-90.5,12,0,0.0,0,0.0,0.9166666666666666,0.0833333333333333,0.0,0.0,0.0,3,23.0,0.2406015037593984,32.0,30.0,3.774436090225564,502.0,10125.0,41625.0,2629.729962406015,349754.085,339629.085,-211484.0,133,-91,-2,-46.5,-4185,0.0,71620.875,29263.5625,2633720.625,0,67500,59250.0,5332500,162000.0,0.0,67500.0,1800.0,162000.0,0.0,0.0,0.0,3375.0,1845.2229545454545,162379.62,285591.42,0.0,45000.0,3124.638,281217.42,0.0,67500.0,27842.1195,2505790.755,-102.42,71620.875,29263.0165,2633671.485,-102.42,29273.5165,2634616.485,13.0,0,3,0.1444444444444444,13,0.0,0.0,1.0,49.0,35.63636363636363,3136.0,0,1,0.0444444444444444,4,0,1,0.0444444444444444,4,0,1,0.9444444444444444,85,0,0,0.0,0,0,0,0.0,0,0,0,0.0,0,0,0,0.0,0,0,0,0.0,0,0,1,0.0555555555555555,5,90,5.714285714285714,0,0.4947633378632659
242265,1,1,1,0,1,301500.0,785398.5,31275.0,0.031329,16169,-151.0,-3825.0,-3826,1,1,0,1,0,0,3.0,2,16,0,0,0,0,0,0,0.582017478917005,0.7713615919194317,2.0,0.0,0.0,-2100.0,0,1,0,0,0,0,0,0,0,0,0,0,0,0,0,0,0,0,0,0,0.0,0.0,0.0,0.0,0.0,1.0,1,0,0,0,0,0,0,0,1,0,0,0,0,0,0,1,0,0,0,0,1,0,1,0,0,0,0,1,0,0,0,0,0,1,0,0,0,0,0,0,0,0,0,0,1,0,0,0,0,0,0,0,0,0,0,0,0,0,0,0,0,0,0,0,0,0,0,0,0,0,0,0,0,0,0,0,0,0,0,0,0,0,-0.00933885830911,0.3838815582153518,100500.0,0.103731343283582,0.039820549695473,-2208,-1013,-1452.857142857143,-1024.142857142857,0,0.0,352719.0,93606.3,655244.1,-939.285,0.0,135939.285,0,0.0,0.1428571428571428,0.0,0.8571428571428571,0.0,0.0,1.0,0.0,0.0,0.0,0.0,0.0,0.0,0.0,0.7142857142857143,0.2857142857142857,0.0,0.0,0.0,0.0,0.0,0.0,0.0,0.0,0.0,1980000.0,269429.4,25510.5,2215224.0,302621.4,10,16,12.9,-2835,-302,-1583.4,138.0,0.1,0.8,0.1,0.2,0.2,0.2,0.1,0.0,0.2,0.1,0.0,0.0,0.0,0.0,0.0,0.0,0.0,0.0,0.0,0.0,0.0,0.0,0.0,0.0,0.0,0.9,0.1,1.0,0.0,0.0,0.9,0.0,0.0,0.1,0.0,0.0,0.0,0.0,0.0,0.0,0.0,0.0,1.0,0.0,0.0,0.0,0.2,0.0,0.0,0.0,0.1,0.0,0.7,0.1,0.0,0.9,0.0,0.0,0.0,0.0,0.0,0.0,0.1,0.2,0.0,0.2,0.0,0.0,0.0,0.1,0.0,0.0,0.0,0.0,0.0,0.0,0.0,0.0,0.1,0.0,0.1,0.0,0.0,0.0,0.0,0.2,0.0,0.1,0.0,0.1,0.8,0.0,0.0,0.8,0.0,0.2,0.0,0.0,0.0,0.0,0.0,0.4,0.1,0.0,0.5,0.0,0.1,0.4,0.0,0.4,0.0,0.0,0.0,0.0,0.0,0.1,0.0,0.1,0.4,0.0,0.4,0.1,0.0,0.0,0.1,0.0,0.0,0.0,0.0,0.0,0.1,0.0,0.4,0.0,0.1,0.0,0.3,0.0,0.0,0.0,0.0,-1,-40.772277227722775,101,0,0.0,0,0.0,0.9108910891089108,0.0693069306930693,0.0,0.0198019801980198,0.0,6,14.0,0.2649572649572649,62.0,38.0,6.05982905982906,1418.0,-1517762.7,1592266.5,20367.67115384616,4766035.05,6283797.75,-284734.0,234,-76,-1,-38.5,-2926,0.0,144468.81,97470.35703947367,7407747.135,135000,135000,135000.0,10260000,386550.0,0.0,131805.0,7086.138157894737,538546.5,131805.0,20191.5,0.0,6750.0,5274.51,395588.25,904635.585,0.0,147231.0,11847.019736842103,900373.5,0.0,134858.34,92460.11388157896,7026968.655,0.0,144468.81,97416.56427631578,7403658.885,0.0,97416.56427631578,7403658.885,67.0,0,8,0.9342105263157896,71,2.0,2.0,1.0,60.0,36.4,2730.0,0,1,0.0789473684210526,6,0,1,0.0789473684210526,6,1,1,1.0,76,0,0,0.0,0,0,0,0.0,0,0,0,0.0,0,0,0,0.0,0,0,0,0.0,0,0,0,0.0,0,76,2.6049701492537314,0,0.4947633378632659
340141,1,1,0,0,2,270000.0,1546020.0,45333.0,0.032561,15801,-1046.0,-623.0,-3994,1,1,0,1,0,0,4.0,1,14,0,0,0,0,0,0,0.7340385249582122,0.0884605646541969,0.0,0.0,0.0,-2352.0,0,1,0,0,0,0,0,0,0,0,0,0,0,0,0,0,0,0,0,0,0.0,0.0,0.0,0.0,2.0,2.0,1,0,0,0,0,0,0,0,1,0,0,0,0,0,0,1,0,0,0,0,1,0,1,0,0,0,0,1,0,0,0,0,1,0,0,0,0,0,0,0,0,0,0,0,0,0,0,0,0,0,0,0,0,0,0,0,0,0,0,0,0,0,0,0,0,0,0,0,0,0,0,0,0,0,0,0,0,0,0,0,0,0,-0.0661983418770963,0.1746419839329374,67500.0,0.1679,0.0293223891023402,-2479,-63,-1065.1666666666667,-733.5,0,0.0,234000.0,139694.07,838164.42,-1773.405,0.0,1773.405,0,0.0,0.3333333333333333,0.0,0.6666666666666666,0.0,0.0,1.0,0.0,0.0,0.0,0.0,0.0,0.0,0.0,0.6666666666666666,0.3333333333333333,0.0,0.0,0.0,0.0,0.0,0.0,0.0,0.0,0.0,2700000.0,892612.6875,89955.0,3020760.0,999974.25,14,17,16.25,-2841,-263,-1193.625,210.0,0.5,0.375,0.125,0.125,0.25,0.125,0.0,0.25,0.25,0.0,0.0,0.0,0.0,0.25,0.0,0.0,0.0,0.0,0.0,0.0,0.0,0.0,0.0,0.0,0.0,0.5,0.25,0.75,0.0,0.25,0.625,0.0,0.0,0.375,0.0,0.0,0.0,0.0,0.0,0.0,0.0,0.25,0.75,0.0,0.0,0.0,0.0,0.0,0.0,0.0,0.25,0.25,0.5,0.125,0.25,0.625,0.0,0.0,0.0,0.0,0.0,0.0,0.0,0.0,0.125,0.0,0.0,0.0,0.0,0.0,0.0,0.0,0.0,0.0,0.0,0.0,0.0,0.125,0.0,0.125,0.0,0.0,0.0,0.0,0.0,0.625,0.0,0.125,0.0,0.5,0.375,0.0,0.0,0.375,0.25,0.375,0.0,0.0,0.0,0.0,0.0,0.0,0.625,0.0,0.375,0.0,0.0,0.125,0.25,0.0,0.0,0.0,0.0,0.0,0.0,0.625,0.0,0.125,0.125,0.25,0.125,0.375,0.0,0.0,0.125,0.0,0.0,0.25,0.0,0.0,0.0,0.25,0.0,0.0,0.125,0.0,0.125,0.0,0.125,0.0,0.0,-7,-46.64,50,26,0.52,26,0.52,0.9,0.08,0.0,0.02,0.0,4,26.0,1.0089285714285714,113.0,47.0,5.660714285714286,634.0,92797.92,1201798.71,38539.18325892857,4316388.524999999,4223590.605,-122269.0,112,-38,-3,-20.5,-738,0.0,460927.62,100460.75625,3616587.225,180000,450000,322500.0,11610000,963000.0,0.0,450000.0,31795.50875,1144638.315,0.0,181638.315,0.0,23300.055,5980.006363636363,197340.21,1293905.43,0.0,457470.0,35941.8175,1293905.43,0.0,449999.1,97648.065,3515330.34,0.0,464216.13,100684.835,3624654.06,0.0,100684.835,3624654.06,11.0,0,48,2.6666666666666665,96,0.0,85.0,1.0,22.0,13.636363636363637,450.0,0,6,0.1666666666666666,6,0,6,0.1666666666666666,6,1,1,1.0,36,0,0,0.0,0,0,0,0.0,0,0,0,0.0,0,0,0,0.0,0,0,0,0.0,0,0,0,0.0,0,36,5.726,0,0.4947633378632659
155209,1,1,0,0,0,171000.0,885501.0,35248.5,0.010032,20335,-10672.0,-10637.0,-3737,1,1,0,1,0,0,1.0,2,7,0,0,0,0,0,0,0.6577442295373751,0.7544061731797895,0.0,0.0,0.0,-1921.0,0,1,0,0,0,0,0,0,0,0,0,0,0,0,0,0,0,0,0,0,0.0,0.0,0.0,1.0,0.0,4.0,1,0,0,0,0,0,0,0,1,0,0,0,0,0,0,1,0,0,0,0,1,0,0,1,0,0,0,1,0,0,0,0,0,1,0,0,0,0,0,0,0,0,0,0,1,0,0,0,0,0,0,0,0,0,0,0,0,0,0,0,0,0,0,0,0,0,0,0,0,0,0,0,0,0,0,0,0,0,0,0,0,0,-0.5248094418490288,0.1931110185081665,171000.0,0.2061315789473684,0.0398062791572228,-2911,-675,-1635.5,-867.75,0,0.0,225000.0,132021.0,528084.0,-734.715,0.0,135734.715,0,0.0,0.25,0.0,0.75,0.0,0.0,1.0,0.0,0.0,0.0,0.0,0.0,0.0,0.0,0.75,0.25,0.0,0.0,0.0,0.0,0.0,0.0,0.0,0.0,0.0,1129500.0,391905.0,0.0,1227901.5,456854.3181818182,5,8,7.545454545454546,-2239,-209,-959.3636363636364,192.0,0.7272727272727273,0.0909090909090909,0.1818181818181818,0.1818181818181818,0.1818181818181818,0.0,0.0,0.0909090909090909,0.5454545454545454,0.0,0.0909090909090909,0.0,0.0,0.0,0.0,0.0,0.0,0.0,0.0,0.0,0.0,0.0,0.0,0.0,0.0,0.2727272727272727,0.7272727272727273,0.4545454545454545,0.0909090909090909,0.4545454545454545,0.4545454545454545,0.0,0.0,0.5454545454545454,0.0,0.0,0.0909090909090909,0.3636363636363636,0.0,0.0,0.0,0.0,0.5454545454545454,0.0,0.0,0.0,0.0909090909090909,0.0,0.0,0.0,0.0,0.3636363636363636,0.5454545454545454,0.0909090909090909,0.0,0.9090909090909092,0.0,0.0,0.0,0.0,0.0,0.0,0.0,0.0,0.0,0.0,0.0,0.0,0.0,0.0,0.0,0.0,0.0,0.0,0.0,0.0,0.0,0.0909090909090909,0.0,0.0,0.0,0.0,0.0,0.0,0.0,0.9090909090909092,0.0,0.1818181818181818,0.0,0.6363636363636364,0.0909090909090909,0.0909090909090909,0.0,0.1818181818181818,0.0,0.8181818181818182,0.0,0.0,0.0,0.0,0.0,0.1818181818181818,0.7272727272727273,0.0909090909090909,0.0,0.0,0.0,0.2727272727272727,0.0,0.0,0.0,0.0,0.0,0.0,0.0,0.7272727272727273,0.0,0.2727272727272727,0.0909090909090909,0.0,0.1818181818181818,0.4545454545454545,0.0,0.0,0.1818181818181818,0.0909090909090909,0.0,0.0,0.0,0.0,0.1818181818181818,0.4545454545454545,0.0,0.0,0.0,0.0,0.0909090909090909,0.0,0.0,0.0,0.0,-1,-23.70909090909091,55,0,0.0,0,0.0,0.9636363636363636,0.0363636363636363,0.0,0.0,0.0,3,25.0,0.2925170068027211,43.0,27.0,2.3877551020408165,351.0,44214.255,353146.815,18774.90306122449,2759910.75,2715696.495,-142917.0,147,-63,-1,-32.0,-2016,0.0,148052.205,46435.77714285714,2925453.96,45000,135000,115000.0,7245000,363150.0,0.0,156150.0,5764.285714285715,363150.0,0.0,0.0,0.0,9450.0,4240.483548387097,262909.98,546910.92,0.0,119133.945,8483.775714285714,534477.87,0.0,135000.0,43764.74642857143,2757179.025,0.0,140503.05,46132.34857142857,2906337.96,0.0,46132.34857142857,2906337.96,13.0,0,6,0.2063492063492063,13,0.0,0.0,1.0,31.0,23.5,1457.0,0,18,0.2857142857142857,18,0,18,0.2857142857142857,18,1,1,1.0,63,0,0,0.0,0,0,0,0.0,0,0,0,0.0,0,0,0,0.0,0,0,0,0.0,0,0,0,0.0,0,63,5.178368421052632,0,0.4947633378632659
210757,1,1,0,0,0,157500.0,531706.5,28458.0,0.006207,16339,-1089.0,-3347.0,-4301,1,1,0,1,0,0,2.0,2,13,0,0,0,0,0,0,0.584319145611532,0.6512602186973006,1.0,1.0,1.0,0.0,0,1,0,0,0,0,0,0,0,0,0,0,0,0,0,0,0,0,0,0,0.0,0.0,0.0,0.0,1.0,1.0,1,0,0,0,0,0,0,0,1,0,0,0,0,0,0,1,0,0,0,0,1,0,1,0,0,0,0,1,0,0,0,0,0,0,1,0,0,0,0,0,0,0,0,0,0,0,0,0,0,0,0,0,0,0,0,0,0,0,0,0,0,0,0,0,0,0,0,0,0,0,0,0,1,0,0,0,0,0,0,0,0,0,-0.0666503457983964,0.2962160515246663,78750.0,0.1806857142857142,0.0535220088526282,-2649,-357,-1354.0,-878.875,0,0.0,2025000.0,395307.984375,3162463.875,-393.66,0.0,270393.66,0,0.0,0.25,0.0,0.75,0.0,0.0,1.0,0.0,0.0,0.0,0.0,0.0,0.0,0.0,0.75,0.25,0.0,0.0,0.0,0.0,0.0,0.0,0.0,0.0,124326.0,155610.0,139968.0,130891.5,162283.5,146587.5,11,20,15.5,-378,-314,-346.0,12.0,0.0,1.0,0.0,0.0,0.0,0.5,0.5,0.0,0.0,0.0,0.0,0.0,0.0,0.0,0.0,0.0,0.0,0.0,0.0,0.0,0.0,0.0,0.0,0.0,0.0,1.0,0.0,1.0,0.0,0.0,1.0,0.0,0.0,0.0,0.0,0.0,0.0,0.0,0.0,0.0,0.0,0.0,1.0,0.0,0.0,0.0,0.5,0.0,0.0,0.0,0.0,0.0,0.5,0.0,0.0,1.0,0.0,0.0,0.0,0.0,0.5,0.0,0.0,0.0,0.0,0.5,0.0,0.0,0.0,0.0,0.0,0.0,0.0,0.0,0.0,0.0,0.0,0.0,0.0,0.0,0.0,0.0,0.0,0.0,0.0,0.0,0.0,0.0,0.0,0.0,1.0,0.0,0.0,1.0,0.0,0.0,0.0,0.0,0.0,0.0,0.0,1.0,0.0,0.0,0.0,0.0,0.0,0.0,0.0,1.0,0.0,0.0,0.0,0.0,0.0,0.0,0.0,0.0,0.0,0.0,0.5,0.5,0.0,0.0,0.0,0.0,0.0,0.0,0.0,0.0,0.0,0.0,0.5,0.5,0.0,0.0,0.0,0.0,0.0,0.0,0.0,-4,-8.0,14,0,0.0,0,0.0,0.8571428571428571,0.1428571428571428,0.0,0.0,0.0,2,0.0,0.0,0.0,11.0,0.8518518518518519,92.0,0.0,29722.23,3253.3891666666664,351366.03,351366.03,-144060.0,108,-96,-1,-48.5,-4656,0.0,0.0,0.0,0.0,0,135000,43593.75,4185000,0.0,0.0,0.0,0.0,0.0,0.0,0.0,0.0,0.0,0.0,0.0,34292.16,0.0,0.0,0.0,0.0,0.0,0.0,0.0,0.0,-357.21,0.0,-29.7675,-2857.68,-357.21,-29.7675,-2857.68,0.0,0,0,0.0,0,0.0,0.0,7.0,7.0,7.0,672.0,0,0,0.0,0,0,0,0.0,0,1,1,1.0,96,0,0,0.0,0,0,0,0.0,0,0,0,0.0,0,0,0,0.0,0,0,0,0.0,0,0,0,0.0,0,96,3.375914285714286,0,0.4947633378632659
287363,1,1,1,0,2,247500.0,765000.0,30339.0,0.0066709999999999,14122,-4900.0,-46.0,-4967,1,1,0,1,0,1,4.0,2,12,0,0,0,0,0,0,0.6995295001491524,0.5108529061799658,2.0,0.0,0.0,-1573.0,0,1,0,0,0,0,0,0,0,0,0,0,0,0,0,0,0,0,0,0,0.0,0.0,0.0,0.0,0.0,3.0,1,0,1,0,0,0,0,0,0,0,0,0,0,0,0,1,0,0,0,0,1,0,1,0,0,0,0,1,0,0,0,0,0,0,0,0,0,1,0,0,0,0,0,0,1,0,0,0,0,0,0,0,0,0,0,0,0,0,0,0,0,0,0,0,0,0,0,0,0,0,0,0,0,0,0,0,0,0,0,0,0,0,-0.346976348959071,0.3235294117647059,61875.0,0.1225818181818181,0.0396588235294117,-2859,-1520,-2423.8571428571427,-1718.142857142857,0,0.0,1672497.0,306650.25,2146551.75,-194.715,0.0,297194.715,0,0.0,0.1428571428571428,0.0,0.8571428571428571,0.0,0.0,1.0,0.0,0.0,0.0,0.0,0.0,0.1428571428571428,0.0,0.5714285714285714,0.2857142857142857,0.0,0.0,0.0,0.0,0.0,0.0,0.0,0.0,0.0,1215000.0,199028.0769230769,0.0,1320849.0,212966.65384615384,11,20,14.461538461538462,-2906,-191,-1271.3846153846157,108.0,0.3846153846153846,0.5384615384615384,0.0769230769230769,0.0769230769230769,0.0769230769230769,0.2307692307692307,0.2307692307692307,0.1538461538461538,0.1538461538461538,0.0769230769230769,0.0,0.0,0.0,0.0,0.0,0.0,0.0,0.0,0.0,0.0,0.0,0.0,0.0,0.0,0.0,0.6153846153846154,0.3846153846153846,0.6923076923076923,0.2307692307692307,0.0769230769230769,0.6153846153846154,0.0,0.0,0.3846153846153846,0.0,0.0,0.0769230769230769,0.0,0.0,0.0,0.0,0.0,0.9230769230769232,0.0,0.0,0.0,0.0,0.0,0.0,0.0,0.0769230769230769,0.3846153846153846,0.5384615384615384,0.0769230769230769,0.0,0.9230769230769232,0.0,0.0,0.0,0.0,0.0,0.0,0.2307692307692307,0.0,0.0,0.0,0.0,0.0,0.0,0.0,0.0,0.0,0.0,0.0,0.0,0.0,0.0,0.2307692307692307,0.0,0.0,0.0769230769230769,0.0,0.0,0.0,0.0,0.4615384615384615,0.0,0.0769230769230769,0.0,0.1538461538461538,0.5384615384615384,0.2307692307692307,0.0,0.7692307692307693,0.0,0.2307692307692307,0.0,0.0,0.0,0.0,0.0,0.3076923076923077,0.3846153846153846,0.0,0.3076923076923077,0.0,0.2307692307692307,0.3846153846153846,0.0,0.0,0.0,0.0,0.0,0.0,0.0,0.3846153846153846,0.0,0.3076923076923077,0.2307692307692307,0.0,0.2307692307692307,0.2307692307692307,0.0,0.0769230769230769,0.0,0.2307692307692307,0.0,0.0,0.0,0.0,0.1538461538461538,0.0,0.0,0.0,0.2307692307692307,0.0,0.3076923076923077,0.0,0.0,0.0,0.0,-1,-51.36363636363637,55,0,0.0,0,0.0,0.9090909090909092,0.0909090909090909,0.0,0.0,0.0,3,3.0,0.0381679389312977,5.0,31.0,3.3435114503816794,438.0,17599.275000000005,1305453.465,19506.05965648855,2555293.815,2537694.54,-179922.0,131,-80,-1,-40.5,-3240,0.0,67861.575,1592.15175,127372.14,0,112500,22500.0,1800000,54000.0,0.0,56155.5,1376.94375,110155.5,0.0,56155.5,0.0,5625.0,158.04,12485.16,169166.565,0.0,110250.0,1470.375,117630.0,0.0,64395.405,1506.8863125,120550.905,-653.265,67861.575,1511.38575,120910.86,-653.265,1511.38575,120910.86,3.0,0,2,0.0625,5,0.0,2.0,1.0,3.0,2.962025316455696,234.0,0,0,0.0,0,0,0,0.0,0,1,1,1.0,80,0,0,0.0,0,0,0,0.0,0,0,0,0.0,0,0,0,0.0,0,0,0,0.0,0,0,0,0.0,0,80,3.090909090909091,0,0.4947633378632659
273452,1,1,0,1,0,112500.0,382500.0,25875.0,0.015221,19961,-11568.0,-8391.0,-3421,1,1,0,1,0,0,1.0,2,14,0,0,0,0,0,0,0.5507831075013441,0.5108529061799658,1.0,0.0,0.0,-2332.0,0,1,0,0,0,0,0,0,0,0,0,0,0,0,0,0,0,0,0,0,0.0,0.0,0.0,0.0,0.0,3.0,1,0,0,0,0,0,0,0,1,0,0,0,0,0,0,1,0,0,0,0,1,0,0,1,0,0,0,0,0,0,0,1,0,0,1,0,0,0,0,0,0,0,0,1,0,0,0,0,0,0,0,0,0,0,0,0,0,0,0,0,0,0,0,0,0,0,0,0,0,0,0,0,0,0,0,0,0,0,0,0,0,0,-0.5795300836631432,0.2941176470588235,112500.0,0.23,0.0676470588235294,-2687,-2586,-2636.5,-1539.5,0,0.0,101970.0,73485.0,146970.0,-21.42,0.0,45021.42,0,174.0,0.5,0.0,0.5,0.0,0.0,1.0,0.0,0.0,0.0,0.0,0.0,0.0,0.0,0.5,0.5,0.0,0.0,0.0,0.0,0.0,0.0,0.0,0.0,0.0,126000.0,49785.0,15304.5,126000.0,69601.5,8,20,13.0,-2332,-426,-1306.6666666666667,44.0,0.3333333333333333,0.3333333333333333,0.3333333333333333,0.3333333333333333,0.0,0.3333333333333333,0.3333333333333333,0.0,0.0,0.0,0.0,0.0,0.0,0.0,0.0,0.0,0.0,0.0,0.0,0.0,0.0,0.0,0.0,0.0,0.0,0.6666666666666666,0.3333333333333333,0.6666666666666666,0.3333333333333333,0.0,0.3333333333333333,0.0,0.0,0.6666666666666666,0.0,0.0,0.0,0.0,0.0,0.0,0.0,0.0,1.0,0.0,0.0,0.0,0.3333333333333333,0.0,0.0,0.0,0.0,0.3333333333333333,0.3333333333333333,0.3333333333333333,0.3333333333333333,0.3333333333333333,0.0,0.0,0.0,0.0,0.0,0.0,0.0,0.0,0.0,0.0,0.0,0.0,0.0,0.0,0.0,0.0,0.0,0.0,0.0,0.0,0.0,0.3333333333333333,0.0,0.0,0.0,0.0,0.0,0.0,0.0,0.6666666666666666,0.0,0.3333333333333333,0.0,0.3333333333333333,0.3333333333333333,0.0,0.0,0.3333333333333333,0.0,0.6666666666666666,0.0,0.0,0.0,0.0,0.3333333333333333,0.0,0.3333333333333333,0.0,0.3333333333333333,0.0,0.0,0.3333333333333333,0.0,0.0,0.0,0.0,0.0,0.0,0.0,0.6666666666666666,0.0,0.3333333333333333,0.6666666666666666,0.0,0.0,0.0,0.0,0.0,0.3333333333333333,0.0,0.0,0.0,0.0,0.3333333333333333,0.0,0.0,0.0,0.0,0.0,0.0,0.3333333333333333,0.0,0.0,0.0,0.0,-70,-73.5,8,0,0.0,0,0.0,1.0,0.0,0.0,0.0,0.0,2,31.0,1.1607142857142858,65.0,42.0,4.339285714285714,243.0,6674.535,48375.0,2259.4572321428573,126529.605,119855.07,-48079.0,56,-39,-2,-20.5,-779,0.0,66482.64,15205.800789473686,577820.43,67500,67500,67500.0,2565000,74250.0,0.0,67500.0,1953.9473684210527,74250.0,0.0,0.0,0.0,3375.0,1276.2729729729729,47222.1,101363.265,0.0,51750.0,2667.454342105263,101363.265,0.0,65295.9,14863.732105263156,564821.82,0.0,67357.89,15400.918421052633,585234.9,0.0,15400.918421052633,585234.9,2.0,0,1,0.0526315789473684,2,0.0,0.0,1.0,17.0,12.783783783783784,473.0,0,8,0.5526315789473685,21,0,8,0.3421052631578947,13,1,1,1.0,38,0,0,0.0,0,0,0,0.0,0,0,0,0.0,0,0,0,0.0,0,0,0,0.0,0,0,0,0.0,0,38,3.4,0,0.4947633378632659
